This worksheet is to be completed in case the action is fully (tab 1a) or partly (tab 1b) cost-based ,Unnamed: 1,Unnamed: 2,Unnamed: 3,Unnamed: 4,Unnamed: 5,Unnamed: 6,Unnamed: 7,Unnamed: 8
2. Justification of the budget for the action,All Years,,,,,,,
Costs,Clarification of the budget items,Justification of the estimated costs,,,,,,
1. Human Resources,,,,,,,,
"1.1 Salaries (gross salaries including social security charges and other related costs, local staff)",,,,,,,,
   1.1.0 Fairfood - Country Program Manager (80%) (last 18 months),"An in-country external expert contracted by Fairfood International to manage day-to-day programme operations in Indonesia — partner coordination, field oversight, government liaison, progress reporting and logistics management. This role is essential because Fairfood's core programme staff are based in the Netherlands; a dedicated in-country manager ensures operational continuity and effective field presence. ","EUR 3,200/month × 18 months = EUR 57,600. Rate reflects senior programme management for an experienced Indonesian development professional. Additional note: The expert will be external the first 18 months of the project. The remaining last 18 months the expert will be hired as staff member.",,,,,,
   1.1.1 Fairfood - Local M&E and data analist (80%),"The M&E and Data Analyst supports Fairfood's overall programme monitoring, evaluation and learning (PME&L) function. The role manages the Digital MRV system (Pillar D), coordinates baseline/endline data collection across Bangka/Belitung and Lampung, and ensures programme-level data quality for donor reporting. Operating at 80% FTE reflects the staff member's shared responsibility with other Fairfood programmes.","EUR 2,500/month (gross, including employer social charges) × 28.8 months (80% of 36) = EUR 72,000. Monthly rate based on Fairfood Indonesia local pay scale for an M&E professional with at least 5 years' experience.",,,,,,
   1.1.2 WWF - Project Leader (100%),"WWF's Project Leader provides overall coordination of WWF Indonesia's work streams across all three regions (Bangka/Belitung, Lampung, Aceh). The role manages Outputs 1.1 and 1.2 (landscape analyses and community by-laws), oversees sub-national government liaison, and ensures WWF Indonesia delivers its contractual obligations within the consortium.","EUR 1,922/month × 36 months = EUR 69,192. Rate reflects WWF Indonesia pay scale for a senior project leader with landscape governance expertise.",,,,,,
   1.1.3 WWF - Aceh Stakeholder Engagament (30%),"This officer facilitates multi-stakeholder processes in Aceh, including the establishment of ILM forums, coordination with local government bodies (including BAPPENAS-endorsed engagement), and linkage with the Peusangan corridor conservation corridor work. Allocated at 30% FTE reflecting geographic focus on one of three provinces.","EUR 1,182/month × 10.8 months (30% of 36) = EUR 12,766. Rate reflects WWF Indonesia salary scale for a stakeholder engagement officer with provincial government relations experience.",,,,,,
   1.1.4 WWF - Lampung Stakeholder Engagement (30%),"Mirrors the Aceh role for Lampung province. Facilitates multi-stakeholder ILM forums, supports development of six participatory landscape plans (Output 1.1), and coordinates with Lampung district authorities on community by-law development (Output 1.2). Allocated at 30% reflecting focus on one province.","EUR 1,183/month × 10.8 months = EUR 12,776. Rate equivalent to the Aceh Stakeholder Engagement Officer, reflecting comparable seniority and responsibilities in Lampung.",,,,,,
   1.1.5 WWF - Lampung Technical Officer (100%),"Provides full-time technical support for agroforestry and landscape intervention activities in Lampung. The Technical Officer supports demo plot establishment (Output 2.1), coordinates nursery development, assists with Climate Risk Assessment (Act. 1.1.1), and provides technical input to ILM forum processes. Full-time allocation is required given the intensity of field activities across two communities in Lampung.","EUR 901/month × 36 months = EUR 32,436. Rate reflects WWF Indonesia technical officer pay scale at mid-level seniority.",,,,,,
   1.1.6 WWF - Sustainable Finance Officer (20%),"Supports the Landscape Finance Approach (LFA) work stream aligned with TNFD and SBTN frameworks. The Sustainable Finance Officer contributes to the design of the LFA mechanism, engages with DFI and investor audiences, and supports WWF Netherlands in producing investor-facing documentation. Allocated at 20% FTE given the specialist and cross-cutting nature of this role.","EUR 901/month × 7.2 months (20% of 36) = EUR 6,487. Rate consistent with WWF Indonesia technical officer scale; lower FTE reflects advisory rather than operational function.",,,,,,
   1.1.7 WWF - Aceh Technical Officer (100%),"Full-time technical field presence in Aceh supporting landscape governance, agroforestry demo plot work in the Peusangan corridor, stakeholder engagement with coffee farming communities, and coordination with Sucafina Indonesia on EUDR-aligned traceability and Climate Risk Assessment. Full-time allocation is required to sustain continuous engagement across two communities in a geographically remote province.","EUR 901/month × 36 months = EUR 32,436. Rate matches Lampung Technical Officer, reflecting equivalent seniority and field responsibility.",,,,,,
   1.1.8 WWF - PMEL Officer (100%),"The Planning, Monitoring, Evaluation and Learning (PMEL) Officer manages WWF Indonesia's internal results tracking, feeds data into the consortium-wide Digital MRV system (Pillar D), prepares progress reports, and coordinates with Fairfood's M&E function. This role is required full-time given the data-intensive nature of the action and the requirement for quarterly EC reporting.","EUR 1,045/month × 36 months = EUR 37,620. Slightly higher rate than Technical Officers reflects seniority and specialist data management skills.",,,,,,
   1.1.9 WWF - Communications Officer (40%)   ,"Manages WWF Indonesia's communication activities for the programme, including production of field stories, social media content, publications and EU-visibility compliant materials. Also supports the ILM forum documentation and policy alignment reports. Allocated at 40% FTE reflecting part-time allocation alongside WWF Indonesia's institutional communications function.","EUR 756/month × 14.4 months (40% of 36) = EUR 10,886. Rate reflects junior-to-mid communications staff scale at WWF Indonesia.",,,,,,
   1.1.10 WWF - Project Admin Officer (100%),"Provides full-time administrative, logistical and financial administration support for WWF Indonesia's project office. Manages procurement, travel bookings, meeting coordination, filing and document management. Essential to maintain compliance with EC procurement and administrative requirements across a complex six-partner consortium.","EUR 683/month × 36 months = EUR 24,588. Entry-level administrative salary at WWF Indonesia.",,,,,,
   1.1.11 WWF -  Grant & Finance Management Specialist (100%),"Dedicated finance specialist responsible for grant financial management, expenditure tracking, sub-grant flows, preparation of financial reports, and ensuring compliance with EC financial regulations and general conditions. Given the multi-partner structure (six co-applicants) and the complexity of EU grant financial management requirements, a dedicated full-time specialist is essential.","EUR 1,440/month × 36 months = EUR 51,832. Higher rate reflects specialist qualification (accounting or finance degree, EU grant management experience), in line with comparable NGO finance roles in Indonesia.",,,,,,
   1.1.12 Sucafina - Project Manager (100%) ,"Manages Sucafina Indonesia's full project implementation in Central Aceh, overseeing training delivery to 2,000 coffee farmers, EUDR-aligned geolocation and traceability activities, coordination with WWF on ILM forum input, and field agronomist team supervision. Full-time allocation is required given the scale of Sucafina's field programme (2,000 farmers, 6 field facilitators) in a remote highland province.","EUR 1,333/month × 36 months = EUR 47,988. Rate reflects senior project manager salary at an internationally operating coffee company in Indonesia.",,,,,,
   1.1.13 Sucafina - Country Sustainability Manager (25%),"Provides strategic sustainability oversight for Sucafina Indonesia's programme activities, ensuring alignment with Sucafina's global sustainability framework (SBTi, living income, forest conservation goals), EUDR compliance requirements, and donor-facing reporting. Allocated at 25% FTE reflecting a senior advisory rather than operational role.","EUR 2,778/month × 9 months (25% of 36) = EUR 25,002. Higher monthly rate reflects senior management seniority and global sustainability expertise.",,,,,,
   1.1.14 Sucafina - Field facilitators - 6 persons (100%),"Six field facilitators provide the front-line delivery of farmer training (2,000 farmers in Aceh) in climate-smart agroforestry, regenerative agriculture and financial literacy (Activity 2.1.3). They also support baseline data collection, individual farm assessments, EUDR geolocation mapping, and distribution of farmer incentive packages. Six facilitators are required to maintain an acceptable farmer-to-facilitator ratio (approx. 333 farmers per facilitator) given the geographic spread of farming communities in Central Aceh.","EUR 425/month × 6 persons × 36 months = 216 person-months × EUR 425 = EUR 91,800. Rate reflects Indonesian agricultural extension worker/field facilitator salary in Aceh.",,,,,,
   1.1.15 Sucafina - Traceability and data expert (10%),"Provides specialist technical support for Sucafina's digital traceability and geolocation system for coffee supply chains in Central Aceh. This expert guides farmer geo-registration, EUDR deforestation analysis and IMS (Internal Management System) data architecture. Allocated at 10% FTE reflecting a specialised, advisory input rather than a full-time implementation role.","EUR 3,333/month × 3 months (10% of 36) = EUR 9,999. High monthly rate reflects senior digital/IT expertise in supply chain traceability.",,,,,,
   1.1.16 PT CAN - Project coordinator (100%),"Leads PT CAN's overall project implementation in Bangka/Belitung, coordinating all activities with Spice Hub managers, field staff, training coordinator and the Fairfood lead applicant. Responsible for operational planning, financial oversight, partner liaison, and progress reporting. Full-time allocation is necessary given PT CAN's wide remit covering 1,500 pepper farmers across multiple communities.","EUR 800/month × 36 months = EUR 28,800. Rate reflects PT CAN's internal pay scale for a project coordination role in Bangka.",,,,,,
   1.1.17 PT CAN - Project coordinator assistant (100%),"Supports the Project Coordinator with administrative, logistical and operational tasks. Manages documentation, stakeholder meeting scheduling, training coordination logistics and basic financial record-keeping. Full-time allocation required given the volume of field activities and events managed by PT CAN.","EUR 650/month × 36 months = EUR 23,400. Rate reflects junior coordination/administrative staff salary at PT CAN.",,,,,,
   1.1.18 PT CAN - Training Coordinator (100%),"Designs, schedules and delivers the farmer training programme for PT CAN's 1,500 pepper farmers in Bangka/Belitung. Responsible for developing training materials (Activity 2.1.1), organising ToT workshops, and linking training content to the agroforestry adoption protocols used by Spice Hub managers. Active over 30 months to cover training delivery and follow-up phases.","EUR 500/month × 30 months = EUR 15,000. Rate reflects mid-level trainer/agronomist salary in Bangka.",,,,,,
   1.1.19 PT CAN - Field Inspector (100%),"Conducts systematic farm visits to verify agroforestry adoption, collect field data for the MRV system, and assess compliance with programme standards across all PT CAN farmer groups. The Field Inspector also supports traceability verification in the PT CAN supply chain and contributes to EUDR geolocation data collection.","EUR 500/month × 36 months = EUR 18,000.",,,,,,
   1.1.20 PTCAN - Field Inspector Assistant (100%),"Assists the Field Inspector with farm visits, data entry, farmer engagement and administrative support for field monitoring activities. The assistant also supports the post-harvest facility operator and nursery operator during peak operational periods.","EUR 400/month × 36 months = EUR 14,400. Lower rate reflects junior field support level.",,,,,,
   1.1.21 PTCAN - Community Dev. Specialist (100%),"Leads PT CAN's community engagement and social mobilisation activities, including participatory farmer group formation, women's empowerment activities, community enterprise support (composting, nursery groups), and facilitation of community-level governance processes linked to Output 1.2 by-laws. Active over 30 months to cover key community development phases.","EUR 500/month × 30 months = EUR 15,000.",,,,,,
   1.1.22 PTCAN - Financial Inclusion Analyst (100%),"Analyses farmer financial needs and linkage opportunities, supports design of the results-based finance pilot in Bangka/Belitung (Pillar C), and facilitates connections with rural finance institutions. This role is directly linked to Outcome 3 (Results-Based Finance) and the Landscape Finance Approach design.","EUR 400/month × 36 months = EUR 14,400.",,,,,,
   1.1.23 PTCAN - Soil Microbiology Specialist (50%),"Provides technical guidance on soil health diagnostics, bio-compost quality testing and microbial analysis supporting the regenerative farming system (Activity 2.1.3). The specialist operates the PT CAN soil and plant health laboratory and provides technical input for training materials on soil management. Allocated at 50% reflecting specialist advisory rather than full-time operational role.","EUR 500/month × 18 months (50% of 36) = EUR 9,000.",,,,,,
   1.1.24 PTCAN - Nursery Operator (50%),"Manages daily operations of PT CAN's community nursery, including seedling production, mother plant maintenance, quality assurance and distribution logistics to farmer groups (Activity 2.1.2). The nursery is a core asset of PT CAN's agroforestry system and generates income that supports hub sustainability. Allocated at 50% to reflect shared operational time between nursery and other hub activities.","EUR 500/month × 18 months = EUR 9,000.",,,,,,
   1.1.25 PTCAN - Post-harvesting Operator (50%),"Manages PT CAN's post-harvest processing facility, ensuring quality standards in drying, sorting and packaging of pepper. Supports farmer groups on post-harvest best practices linked to Activity 2.1.5 (post-harvest and micro-enterprise support). Allocated at 50% to reflect shared operational responsibilities.","EUR 500/month × 18 months = EUR 9,000.",,,,,,
   1.1.26 PTKGF - Project Manager (70%),"Manages PT KGF's full project implementation across Lampung, covering agroforestry farmer training (1,500 farmers), nursery and demo farm operations, Change Maker coordination, financial inclusion activities and ILM engagement. Allocated at 70% reflecting partial cost-sharing with PT KGF's institutional operations. Active for 25 of 36 months, covering main implementation phases.","EUR 1,209/month × 25 months (70% allocation) = EUR 30,228. Rate reflects PT KGF senior management pay scale in Lampung.",,,,,,
   1.1.27 PTKGF - Technical manager (70%),"Provides technical oversight of PT KGF's agroforestry and regenerative farming activities, including demo farm management (LKC Demo Farm), nursery technical quality, Change Maker training content and soil health protocols. Coordinates technical input to the Digital MRV system. Allocated at 70% reflecting partial institutional cost-sharing.","EUR 1,209/month × 25 months = EUR 30,228. Rate mirrors Project Manager, reflecting equivalent seniority at PT KGF.",,,,,,
   1.1.28 PTKGF - Digital Solution Officer (100%),"Manages PT KGF's digital data systems, including the RFID seedling tracking system, digital farmer platform, MRV data uploads and integration with the consortium-wide Digital MRV platform. Directly supports Output 4.1 (Digital MRV system) and Output 2.1 (farmer data collection). Full-time allocation reflects the central role of digital data in PT KGF's programme model.","EUR 302/month × 36 months = EUR 10,883. Rate reflects entry-to-mid level digital officer salary in Lampung.",,,,,,
   1.1.29 PTKGF - Digital Solution Assistant (50%),"Provides data entry, system support and field data quality checking for the RFID tracking and digital MRV systems. Active for 15 months covering peak data collection phases in Years 1 and 2.","EUR 242/month × 15 months (50% allocation over intensive data periods) = EUR 3,629.",,,,,,
   1.1.30 PTKGF - Change Maker Coordinator (100%),"Coordinates the team of 10 Change Maker community agronomists across 8 villages in Lampung. Manages scheduling, quality of extension delivery, peer learning sessions, and ensures Change Makers correctly apply agroforestry protocols with farmers. Active for 30 months covering training roll-out and consolidation phases.","EUR 423/month × 30 months = EUR 12,696.",,,,,,
   1.1.31 PTKGF - Change maker  - 10 persons (100%),"Ten community-based Change Makers (community agronomists) are the front-line extension agents for PT KGF's farmer training programme in Lampung. Each Change Maker covers approximately 150 farmers in their community, delivering training in climate-smart agroforestry, soil health and regenerative practices (Activity 2.1.3). They also support data collection for the MRV system. Ten Change Makers are required to cover 8 villages across Lampung's geographically dispersed landscapes. Active over 30 months, reflecting the main implementation phase.","EUR 302/month × 10 persons × 30 months = EUR 90,690. Rate reflects community-level agronomist salary in rural Lampung.",,,,,,
   1.1.32 PTKGF - Farm Officer (100%),"Manages the LKC Demo Farm (ex-mine land rehabilitation site) and agroforestry demonstration plots, overseeing planting, maintenance, record-keeping and farm visits by farmers and stakeholders. Active over 30 months covering establishment and demonstration phases.","EUR 333/month × 30 months = EUR 9,975.",,,,,,
   1.1.33 PTKGF - Farm Assistant  - 2 persons (100%),"Two assistants support the Farm Officer with daily farm operations at the LKC Demo Farm, including seedling transplanting, irrigation, composting and record-keeping. Active over 30 months.","EUR 242/month × 2 persons × 30 months = EUR 14,514.",,,,,,
   1.1.34 PTKGF - Data Management Officer( 100%),"Manages PT KGF's farmer and programme data, including RFID tracking records, training attendance, adoption monitoring and reporting datasets. Ensures data quality and feeds information into the consortium's Digital MRV system (Pillar D). Active over 30 months covering main data collection periods.","EUR 363/month × 30 months = EUR 10,884.",,,,,,
   1.1.35 PTKGF - Data Management Assistant - 2 persons (100%),"Two assistants support data entry, field data verification and database management for PT KGF's MRV and farmer tracking systems. Active over 30 months.","EUR 181/month × 2 persons × 30 months = EUR 10,884.",,,,,,
   1.1.36 PTKGF -  Finance Manager (70%),"Manages PT KGF's programme financial accounts, prepares financial reports for the consortium, oversees procurement compliance and supports audit preparation. Allocated at 70% reflecting partial cost-sharing with PT KGF institutional finance. Active 24 of 36 months covering main financial management periods.","EUR 544/month × 24 months (70% allocation) = EUR 13,058.",,,,,,
   1.1.37 PTKGF -  Finance and Admin Assistant (100%),"Provides administrative and financial support for PT KGF's programme operations, including invoice management, petty cash, supplier payments and documentation. Active over 32 months.","EUR 212/month × 32 months = EUR 6,771.",,,,,,
   1.1.38 PTKGF - Finance Inclusion Officer (100%),"Supports the implementation of the results-based finance pilot in Lampung (Pillar C), including facilitation of access to rural credit, financial literacy training for farmers (Activity 2.1.3), and monitoring of farmer uptake of financial services. Active over 25 months during the main finance inclusion delivery phase.","EUR 363/month × 25 months = EUR 9,070.",,,,,,
   1.1.39 PTKGF - Operation Manager (100%),"Manages PT KGF's overall field operations including logistics, supply chains for nursery and demo farm inputs, field vehicle scheduling, staff deployment, and coordination between Spice Hubs and village-level activities. Active over 34 months.","EUR 423/month × 34 months = EUR 14,389.",,,,,,
   1.1.40 Verstegen - Implementation Expert (30%),"Supports Verstegen's field implementation activities in Bangka/Belitung, overseeing quality standards adoption, green sourcing model development and EUDR-compliance data flows from PT CAN. Allocated at 30% reflecting Verstegen's advisory and quality assurance rather than direct field delivery role.","EUR 1,103/month × 10.8 months (30% of 36) = EUR 11,909. Rate reflects Verstegen Indonesia local management staff scale.",,,,,,
   1.1.41 Verstegen -Quality Assurance Team (20%),"Monitors quality standards and traceability compliance along the Verstegen pepper supply chain, including periodic farm and post-harvest facility audits and deforestation-free verification. Allocated at 20% reflecting specialist quality oversight role.","EUR 553/month × 7.2 months (20% of 36) = EUR 3,983.",,,,,,
   1.1.42 Verstegen - Quality Control Team 20%),"Manages laboratory testing and physical quality control of pepper products within the Verstegen supply chain, ensuring compliance with EU food safety and sustainability standards. Supports the EUDR due diligence data collection process.","EUR 435/month × 7.2 months (20% of 36) = EUR 3,133.",,,,,,
   1.1.43 Verstegen - Field Officer Team (100%),"Field-based liaison and compliance officer for Verstegen in the Bangka/Belitung pepper landscape. Conducts regular farm visits to support deforestation-free verification, farmer profile documentation and traceability chain-of-custody checks. Full-time allocation reflects continuous field presence required for supply chain compliance.","EUR 220/month × 36 months = EUR 7,909.",,,,,,
"1.2 Salaries (gross salaries including social security charges and other related costs, expat/int. staff)",,,,,,,,
   1.2.1 Fairfood - Program manager (30%),"The Program Manager provides overall strategic leadership of aGROWforests+ from Fairfood's Netherlands office. Responsibilities include consortium coordination, donor relationship management (EC), partner governance oversight, Landscape Finance Approach alignment with European institutional investors, and senior-level representation with the European Commission. Allocated at 30% reflecting shared programme leadership across Fairfood's portfolio.","EUR 8,500/month (gross salary including Dutch employer social charges) × 10.8 months (30% of 36) = EUR 91,800. Rate based on Fairfood Netherlands senior programme manager pay scale, benchmarked against Dutch NGO sector norms.",,,,,,
   1.2.2 Fairfood - Donor Engagement manager (15%),"Manages Fairfood's donor relationships and reporting obligations to the European Commission. Responsible for timely submission of narrative and financial reports, donor compliance queries, and maintaining the project's relationship with the EC contracting officer. Allocated at 15% reflecting regular but not full-time engagement with the EC throughout the programme.","EUR 8,500/month × 5.4 months (15% of 36) = EUR 45,900.",,,,,,
   1.2.3 Fairfood - Corporate Partnerships Manager (20%),"Manages Fairfood's engagement with EU and Dutch corporate partners including Verstegen and potential new buyers. Supports development of green sourcing agreements, co-financing contributions from private sector partners, and linkage between buyer commitments (EUDR, sustainability targets) and programme activities. Allocated at 20% reflecting regular engagement with corporate partners.","EUR 8,500/month × 7.2 months (20% of 36) = EUR 61,200.",,,,,,
   1.2.4 Fairfood - Financial Adviser (20%),"Provides financial management oversight from Fairfood Netherlands, ensuring EC grant financial compliance, supporting the design of the Landscape Finance Approach (LFA) financial model, and overseeing sub-grant disbursement to five co-applicants. Allocated at 20% reflecting advisory oversight rather than day-to-day financial management (handled by WWF Grant & Finance Specialist).","EUR 8,500/month × 7.2 months = EUR 61,200.",,,,,,
   1.2.5 Fairfood - Communications Adviser (20%),"Oversees Fairfood's communications strategy for aGROWforests+, including EU-facing storytelling, SWITCH-Asia programme contributions, consumer-facing content supporting Verstegen's transparency approach, and project visibility materials. Ensures all communications comply with EU visibility guidelines.","EUR 8,500/month × 7.2 months = EUR 61,200.",,,,,,
   1.2.6 Fairfood - PME & Learning Manager (25%),"Oversees the programme's overall PME framework, coordinates baseline and endline studies, supports the Digital MRV system design (Pillar D), facilitates consortium-wide learning sessions, and feeds into SWITCH-Asia programme-level learning and knowledge management. Allocated at 25% reflecting specialist advisory input across all phases.","EUR 8,500/month × 9 months (25% of 36) = EUR 76,500.",,,,,,
   1.2.7 Sucafina -  APAC Sustainability Manager (10%),"Provides strategic sustainability oversight from Sucafina's Asia-Pacific management level, ensuring alignment between the aGROWforests+ programme and Sucafina's global sustainability commitments (SBTi, living income benchmarks, forest conservation policy). Reviews programme-level sustainability reporting and escalates any material issues to Sucafina's global leadership. Allocated at 10% reflecting a senior oversight rather than operational function.","EUR 4,762/month × 3.6 months (10% of 36) = EUR 17,143.",,,,,,
   1.2.8 Sucafina - Subject matter specialists (Human rights/agronomy/program design) (advise per hour when needed),"Specialist advisory hours from Sucafina's international expert pool covering human rights due diligence, agronomy and programme design. These inputs are called upon as needed rather than on a scheduled basis — for instance, to review EUDR compliance approaches, provide agronomic guidance on specific pest or soil issues raised by field teams, or advise on programme design challenges. The 0.75 month equivalent reflects total advisory time budgeted over 3 years.","EUR 5,143/month equivalent × 0.75 months = EUR 3,857. Calculated as approximately 15 days of specialist advisory time over 3 years at EUR 257/day.",,,,,,
   1.2.9 Verstegen - Program / Project manager (30%),"Senior programme management at Verstegen Netherlands responsible for overall co-applicant accountability, supply chain strategy alignment with EU buyers, EUDR compliance programme management and strategic direction for Verstegen's activities within aGROWforests+. Allocated at 30% reflecting shared leadership across Verstegen's global sustainability programme portfolio.","EUR 8,744/month × 10.8 months (30% of 36) = EUR 94,435. Rate reflects senior programme manager salary at a Dutch mid-sized food company with sustainability mandate.",,,,,,
   1.2.10 Verstegen - Agroforestry Expert (15%),"Provides specialist agroforestry technical guidance to the programme, including review of species selection protocols, canopy management approaches, and integration of Verstegen's internal agroforestry standards. This expert links Verstegen's commitment to 50% sustainably grown raw materials by 2030 with the programme's field-level agroforestry implementation approach.","EUR 6,440/month × 5.4 months (15% of 36) = EUR 34,776.",,,,,,
   1.2.11 Verstegen - Program Management Senior (5%),"Senior oversight of Verstegen's co-applicant governance and fiduciary responsibilities. Provides executive sign-off on programme documents, financial commitments and strategic decisions related to Verstegen's co-financing contribution. Allocated at 5% reflecting executive-level oversight.","EUR 11,901/month × 1.8 months (5% of 36) = EUR 21,422. High monthly rate reflects C-suite management level.",,,,,,
   1.2.12 Verstegen - CFO Verstegen (5%),"The CFO oversees Verstegen's financial obligations as co-applicant, including verification of co-financing contributions and financial risk management related to the grant agreement. The 5% allocation reflects periodic financial oversight rather than active project management.","EUR 11,872/month × 1.8 months = EUR 21,370.",,,,,,
   1.2.13 Verstegen - Marketing Team (5%),Supports Verstegen's consumer engagement and product branding activities linked to the programme's verified deforestation-free sourcing claims and blockchain transparency approach. The Marketing Team contributes to SWITCH-Asia Specific Objective 3 (consumer awareness) by translating field-level performance data into credible consumer-facing impact communications.,"EUR 6,752/month × 1.8 months (5% of 36) = EUR 12,154.",,,,,,
1.3 Per diems for missions,,,,,,,,
   1.3.1 Abroad (staff assigned to the action) - SEA ,"Per diems for consortium staff attending regional SWITCH-Asia knowledge events, learning exchanges and partner coordination meetings within Southeast Asia (excluding Indonesia domestic travel). Attendance is required to present programme findings, contribute to SWITCH-Asia regional learning agenda, and engage with regional donor coordination. Approximately 3 regional trips over 3 years for senior programme staff.","EUR 35/diem × 30 diem-days = EUR 1,050. Rate reflects EC per-diem scale for SEA destinations. Approximately 10 diem-days per year.",,,,,,
   1.3.2 Local (staff assigned to the action) - Indonesia,"Daily subsistence allowances for all consortium staff conducting domestic field missions across Sumatra's three target provinces (Bangka/Belitung, Lampung, Aceh). Required for: farmer training delivery; ILM forum facilitation; participatory mapping fieldwork; baseline/endline data collection; nursery and demo plot oversight; Spice Hub management visits; government coordination meetings; and MRV system field testing. The high volume (2,050 diem-days over 3 years) reflects the six-partner consortium's continuous field presence across three geographically dispersed provinces.","EUR 25/diem × 2,050 diem-days = EUR 51,250. Rate based on Indonesian domestic NGO/MSME subsistence norms. Covers all six partners' field staff.",,,,,,
   1.3.3 Seminar/conference participants,"Subsistence allowances for external participants (farmer leaders, local government representatives, civil society partners) attending project-organised national events, learning sessions and consortium-level workshops. External participants attend from remote locations and require subsistence support to enable inclusive participation in programme governance, learning and peer exchange events.","EUR 30/diem × 150 diem-days = EUR 4,500. Estimated 50 participant-days per year across approximately 2 major events per year.",,,,,,
Subtotal Human Resources,,,,0.0,,,,0.0
2. Travel,,,,0.0,,,,
2.1 International travel ,,,,,,,,
   2.1.1 International travel (Amsterdam/EU - Indonesia),"Return flights for Fairfood program and advisory staff (programme management visits, donor reporting, field supervision) and Verstegen staff (value chain and EUDR alignment missions) travelling between Amsterdam/EU and Jakarta/Sumatra. These visits are required to maintain strategic alignment between the EU-based lead applicant and European buyer partners with field implementation teams in Indonesia. Also covers Sucafina APAC and specialist advisor travel from Singapore/regional offices.","EUR 2,000/flight × 15 return flights over 36 months = EUR 30,000. Rate reflects economy class return fare Amsterdam–Jakarta. Breakdown: Fairfood 8, Sucafina APAC 3, Verstegen 2, other 2.",,,,,,
   2.1.2  International travel (SEA - Indonesia),"Regional flights for consortium staff or visitors attending cross-country SWITCH-Asia exchanges, regional coordination meetings and field visits from other Southeast Asian locations (e.g., Singapore, Bangkok, Kuala Lumpur). Supports regional knowledge-sharing obligations under the SWITCH-Asia programme.","EUR 350/flight × 10 flights = EUR 3,500. Rate reflects economy class short-haul regional fare.",,,,,,
2.2 Local transportation,,,,,,,,
   2.2.1. Fairfood - Local transportation,"Monthly local transport allowance for Fairfood's Indonesia-based M&E and Country Program Manager staff covering inter-city travel within Sumatra for field supervision, partner liaison and government meetings in Jakarta and across the three target provinces.","EUR 200/month × 36 months = EUR 7,200.",,,,,,
   2.2.2. WWF - Local transportation,"Monthly local transport budget for WWF Indonesia's full field team (Project Leader, Technical Officers, Stakeholder Engagement Officers, PMEL Officer) covering travel between Lampung and Aceh landscapes, Jakarta office and government coordination visits. Higher budget reflects WWF's geographic coverage of two provinces plus national coordination.","EUR 1,500/month × 36 months = EUR 54,000. Covers inter-provincial field travel (flights/ferries between Lampung, Aceh and Jakarta), car hire and ground transport.",,,,,,
   2.2.3. Sucafina - Local transportation,"Monthly local transport for Sucafina Indonesia's field management staff and Project Manager covering travel between Medan, Central Aceh (Bener Meriah/Aceh Tengah), and Jakarta for programme coordination. Active for 35 months reflecting the full implementation period minus inception month.","EUR 750/month × 35 months = EUR 26,250.",,,,,,
   2.2.4. PT CAN - Local transportation,"Monthly local transport for PT CAN management and coordination staff covering travel between Pangkalpinang, Bangka field sites, Palembang and Jakarta for programme and donor meetings.","EUR 700/month × 36 months = EUR 25,200.",,,,,,
   2.2.5. PT KGF - Local transportation,"Monthly local transport for PT KGF management staff covering travel between Lampung field sites (Tanggamus, West Lampung districts), Bandar Lampung and Jakarta for consortium coordination and government liaison.","EUR 700/month × 36 months = EUR 25,200.",,,,,,
   2.2.6. Verstegen - Local transportation,"Monthly local transport for Verstegen's Indonesia-based Field Officer Team covering pepper farm visits, PT CAN coordination and quality assurance missions in Bangka/Belitung.","EUR 300/month × 36 months = EUR 10,800.",,,,,,
2.3 Hotels ,"Hotel accommodation for consortium staff during multi-day domestic field missions across Bangka/Belitung, Lampung and Aceh. Required when field sites are too remote for same-day return travel. Covers overnight stays for all partner teams during training delivery, ILM forum facilitation, monitoring visits, government coordination and partner coordination missions.","EUR 60/night × 1,100 nights over 3 years = EUR 66,000. Covers all consortium partners' overnight field stays. EUR 60 reflects average mid-range accommodation cost in provincial Indonesian towns.",,,,,,
Subtotal Travel,,,,0.0,,,,
3. Equipment and supplies,,,,,,,,
3.1. Rent of vehicles ,,,,,,,,
"   3.1.1 PT CAN - car/motor bike rent, maintenance, gasoline, etc. ","PT CAN rents vehicles (motorcycles and light vehicles) to enable field staff to access pepper farming communities, nursery sites, post-harvest facilities and Spice Hubs in remote Bangka areas not reachable by public transport. Vehicles are essential for training delivery, monitoring visits and supply chain coordination across PT CAN's operational geography.","EUR 3,000/vehicle unit × 6 units over 3 years = EUR 18,000. Covers rental, fuel, maintenance and insurance costs per vehicle-unit.",,,,,,
"   3.1.2 PT KGF - rent of vehicles (motorcycle), 14 units","PT KGF rents 14 motorcycles for Change Maker field facilitators (10 Change Makers plus supervisory staff) to reach farming communities across 8 dispersed villages in Lampung. Motorcycles are the only practical transport option in rural Lampung's terrain for frequent farm visits, data collection and training delivery.","EUR 50/month × 14 units × 36 months = 504 motorcycle-months × EUR 50 = EUR 25,200. Rate reflects typical motorcycle rental rates in rural Lampung.",,,,,,
   3.1.3 WWF - rent of vehicles       ,"WWF Indonesia rents vehicles on a per-trip basis for landscape governance fieldwork, ILM forum facilitation, participatory land-use mapping (Act. 1.1.2) and stakeholder coordination missions across Lampung and Aceh. A per-trip rental model is used as WWF does not require dedicated vehicles throughout the year.","EUR 74/trip × 330 trips over 3 years = EUR 24,420. Approximately 110 trips per year covering field missions in Lampung and Aceh.",,,,,,
3.2. Rent software,,,,,,,,
   3.2.1 Other - digital tools licenses - Digitial farmers platform & M&E system licenses,"Annual software licence fees for the digital farmer platform and M&E system used across the consortium to collect, manage and analyse farmer data, training records, adoption monitoring and MRV indicators. These licences underpin Output 4.1 (Digital MRV system) and are required throughout the 36-month implementation period.","EUR 1,667/year × 3 years = EUR 5,001.",,,,,,
   3.2.2 Digital traceability system in the supply chain for coffee transcation,"Annual licence for the digital traceability system used by Sucafina Indonesia to track coffee transactions from farm to exporter in Central Aceh. This system records farmer geolocation data, EUDR deforestation analysis outputs, chain-of-custody information and lot-level sustainability claims. It is a core enabler of Sucafina's EUDR compliance work and Output 3.2 (green sourcing models).","EUR 9,567/year × 3 years = EUR 28,701.",,,,,,
3.3. Purchases equipments and supplies ,,,,,,,,
   3.3.1 Fairfood - Purchase of farmer cards       ,"Physical farmer identification cards for the 3,000 farmers enrolled in the Fairfood-managed traceability system in Bangka/Belitung and Lampung. Cards enable linkage of individual farmers to their farm geolocation data, traceability records and MRV performance data, which is foundational for EUDR-compliant supply chain documentation.","EUR 0.50/card × 3,000 cards = EUR 1,500.",,,,,,
   3.3.2 WWF - Laptop,"Nine laptops for WWF Indonesia project staff (Project Leader, Technical Officers ×2, Stakeholder Engagement Officers ×2, PMEL Officer, Finance Specialist, Admin Officer, Communications Officer). Laptops are required for MRV data management, report writing, GIS analysis and remote participation in consortium meetings. Procured in Year 1.","EUR 1,550/unit × 9 units = EUR 13,950.",,,,,,
   3.3.3 Sucafina -  Farmers incentive package based on the adoption rate - Grass cutter tool,"Grass-cutter tools form part of the farmer incentive package distributed to 600 Aceh coffee farmers who adopt agroforestry and regenerative practices (Activity 2.1.3). The incentive package is structured as a results-based reward tied to verified practice adoption, providing both a practical tool for agroforestry maintenance and a financial incentive for adoption. Grass cutters are essential for under-canopy management in coffee agroforestry systems.","EUR 77/unit × 600 units = EUR 46,200.",,,,,,
   3.3.4 Sucafina -  Farmers incentive package based on the adoption rate - Foliar sprayer tool,"Foliar sprayers enable farmers to apply organic foliar fertilisers and biopesticides, a core practice in the regenerative agriculture and climate-smart agriculture training programme (Activity 2.1.3). Distributed as part of the same results-based incentive package to 600 verified adopters in Aceh.","EUR 26/unit × 600 units = EUR 15,600.",,,,,,
   3.3.5 Sucafina - Farmers incentive package based on the adoption rate - Organic compost (30kg - bag),Organic compost bags support soil health improvement practices taught in the climate-smart agriculture and agroforestry training. Distributed as part of the results-based incentive package to verified adopters. Quantity (13.2 bags total) reflects the incentive pilot phase calculation based on adoption rate targets.,EUR 6/bag × 13.2 bags = EUR 79. This represents the average compost allocation per cohort based on adoption verification milestones.,,,,,,
   3.3.6 Sucafina -  Farmers incentive package based on the adoption rate - Prunning secateur tool,Pruning secateurs are essential tools for coffee tree maintenance and agroforestry canopy management. Distributed as part of the results-based farmer incentive package to 600 verified adopters in Aceh. Proper pruning is a critical skill taught in the training programme to improve coffee yield and tree health.,"EUR 6/unit × 600 units = EUR 3,600.",,,,,,
"   3.3.7 PTCAN - Computer equipment, furniture (desks, chairs, storage, printer, air conditioner, fan, CCTV)","Computer equipment (laptops, printers) and office furniture (desks, chairs, filing storage, air conditioning, fans, CCTV) are required to operationalise PT CAN's five Spice Hubs. Spice Hubs serve as the operational and commercial centres for farmer training, input distribution, produce aggregation and traceability data management in Bangka/Belitung. Each hub requires basic ICT and working infrastructure.","EUR 3,500/hub × 5 hubs = EUR 17,500. Procured in Year 1 for initial setup.",,,,,,
"   3.3.8 PTCAN - Machines, tools ((pruning ladder, hand-chainsaw, grass-cutting machine, sickle, etc)","Agricultural tools (pruning ladders, hand-chainsaws, grass-cutting machines, sickles) required for PT CAN's regenerative pepper farming activities, agroforestry maintenance, demo plot management and nursery operations across 5 Spice Hub locations in Bangka/Belitung.","EUR 4,000/hub × 5 hubs = EUR 20,000.",,,,,,
"   3.3.9 PTCAN - Spare parts/equipment for machines, tools",Spare parts and maintenance components for PT CAN's agricultural machinery across 5 Spice Hubs over the 3-year programme. Regular maintenance prevents operational downtime that would disrupt training delivery and agroforestry activities in remote Bangka communities.,"EUR 2,000/hub × 5 hubs = EUR 10,000.",,,,,,
   3.3.10 PTCAN - Laboratory Equipments (soil and plant health lab),"Laboratory equipment to establish PT CAN's soil microbiology and plant health lab, including equipment for microbial analysis, bio-compost quality testing and soil health diagnostics. The lab underpins PT CAN's regenerative agriculture approach (Activity 2.1.3) by enabling evidence-based soil management recommendations for pepper farmers.","EUR 13,000 (lump sum procurement, Year 1). Based on quotations for laboratory equipment including microscopes, soil testing kits, pH meters, incubators and basic analytical tools.",,,,,,
"   3.3.11 PTCAN - Natural Input Materials (seedling, mother plant, bio-compost, compost tea, biological agents, etc)","Core biological inputs for PT CAN's regenerative spice farming system, including agroforestry seedlings, pepper mother plants, bio-compost, compost tea and biological control agents. These inputs are the foundation of the agroforestry transition model and are distributed to farmer groups through Spice Hubs. Directly supports Activities 2.1.2 (demo plots and nurseries) and 2.1.4 (landscape restoration).","EUR 6,000 (lump sum procurement, Year 1). Based on estimated input volumes for nursery establishment and initial distribution round.",,,,,,
"   3.3.12 PTCAN - Nursery Facility Support (materials, supply, etc)","Materials, supplies and infrastructure support for PT CAN's five community nurseries producing certified pepper seedlings and agroforestry planting material. Nurseries are central to the programme's input supply model and generate income that supports long-term Spice Hub sustainability.","EUR 5,000/nursery × 5 nurseries = EUR 25,000 over 3 years.",,,,,,
"   3.3.13 PTCAN - Demoplot Facility Support (materials, supply, etc)",Materials and infrastructure for PT CAN's two agroforestry demonstration plots in Bangka/Belitung (including the Kelekak model). Demo plots are the most effective mechanism for farmer behaviour change in risk-averse smallholder contexts. They also serve as training venues for Change Makers and farmer field days.,"EUR 5,000/plot × 2 plots = EUR 10,000.",,,,,,
"   3.3.14 PTCAN - Training Materials (banner, signage, flyer, office supplies, online course for ToT, catering etc","Production of training materials including banners, signage, flyers, office supplies, online course resources for ToT workshops and catering for training events. Required for each of three annual training delivery rounds.","EUR 2,700/round × 3 rounds = EUR 8,100.",,,,,,
"   3.3.15 PTCAN - Training Equipments (speakers, GPS, pH meter, Hygrograph, samples collecting tools, etc)","Training equipment supporting the technical dimensions of PT CAN's farmer training programme: speakers/PA systems, GPS devices for geolocation training, pH meters, hygrographs and soil/plant sample collection tools. Procured once in Year 1 for use across all training cycles.","EUR 3,000 (lump sum, Year 1).",,,,,,
   3.3.16 PTKGF - Monitoring equipment ,Basic monitoring devices for PT KGF's Change Makers and data management staff to support field data collection for the MRV system. Devices include soil moisture meters or similar compact field measurement tools.,EUR 32/unit × 10 units = EUR 320.,,,,,,
   3.3.17 PTKGF - Laptop,"Laptops for PT KGF's management and technical staff (Project Manager, Technical Manager, Digital Officers, Data Management Officers, Finance Manager, Change Maker Coordinator, Farm Officers). Required for digital data management, MRV system operation, RFID tracking, report writing and consortium coordination.","EUR 351/unit × 16 units = EUR 5,616.",,,,,,
   3.3.18 PTKGF - Mobile Phone,"Mobile phones for Change Makers and field facilitators to support digital data collection in the field, upload MRV data and maintain communication with the PT KGF coordination team. Essential for the Digital MRV system's field data collection layer.","EUR 252/unit × 10 units = EUR 2,520.",,,,,,
"   3.3.18 PTKGF -  Laboratory equipment (Moisture tester, Refractometer, Density meter, Weight scale,  Radioactive Detection Equipment etc.) ","Quality control laboratory equipment for PT KGF's post-harvest quality management, including moisture testers, refractometers, density meters, weight scales and radioactive detection equipment (as required for pepper quality standards). These enable PT KGF to maintain and certify the quality of pepper and cocoa products sourced from its farmer network, supporting the green value chain model.","EUR 9,151 (lump sum procurement, Year 1).",,,,,,
   3.3.19 PT KGF - Seedlings for nursery (50.000 different types of seedlings),"50,000 diverse agroforestry and crop seedlings for PT KGF's nursery network in Lampung, covering pepper, cocoa, coffee and shade/timber species suitable for agroforestry systems. Nursery production is a core output (Activity 2.1.2) enabling distribution of quality planting material to 1,500+ farmers in Lampung. Seedling diversity is key to building resilient agroforestry systems as specified in the Climate Risk Assessment outputs.","EUR 0.42/seedling × 50,000 seedlings = EUR 21,000.",,,,,,
"   3.3.20 PT KGF - compost faclity inputs (molassess, sacks, manue, husk, bags etc)","Raw materials and consumables for PT KGF's certified composting facility, which produces organic compost distributed to farmers as an input for soil health improvement (Activity 2.1.5). The composting enterprise is a key micro-enterprise model in PT KGF's post-harvest and enterprise support programme, generating both improved soil inputs and supplementary income for farmer groups.","EUR 5,802 (lump sum procurement, Year 1 and ongoing).",,,,,,
   3.3.21 PT KGF - Seedling Numbering & Tracking_RFID Purchase and Installation,"RFID tags and installation for PT KGF's seedling numbering and tracking system, enabling digital traceability of planting materials from nursery to individual farm plots. This system directly supports Output 4.1 by creating a verifiable chain-of-custody for seedlings, confirming agroforestry adoption at farm level and providing evidence for results-based payments under Pillar C.","EUR 0.24/tag × 50,000 tags = EUR 12,000.",,,,,,
"   3.3.22 PTKGF - Demoplot Facility Support (materials, supply, etc)","Materials and inputs for PT KGF's agroforestry demonstration plots across Lampung (including the LKC Demo Farm ex-mine land rehabilitation site and additional plots). Demo plots provide practical learning environments for farmers and Change Makers, showcase agroforestry outcomes for sceptical landowners, and support biodiversity corridor development. Costs are allocated per plot-year across 3 years.","EUR 2,000/plot-year × 6 plot-years (2 plots × 3 years) = EUR 12,000.",,,,,,
Subtotal Equipment and supplies,,,,,,,,
4. Project office,,,,,,,,
"4.1. WWF - Vehicle Gas, Insurance, Maintenance, Tax & Admin Registration","Operating costs for WWF Indonesia's project vehicle used to support landscape governance fieldwork, ILM forum facilitation, mapping missions and government coordination across Lampung and Aceh. These are apportioned project office costs linked to WWF's field coordination base.",EUR 26/month × 36 months = EUR 936.,,,,,,
4.2 WWF - Office Rent,"Rental of WWF Indonesia's field coordination office space used to support aGROWforests+ project management, document storage, partner meetings and staff workspace in the target regions.","EUR 57/month × 36 months = EUR 2,052.",,,,,,
4.3 WWF - Consumables - office supplies,"Office stationery, printing, filing materials and general supplies for WWF Indonesia's project office required for day-to-day administration, reporting documentation and meeting management.","EUR 30/month × 36 months = EUR 1,080.",,,,,,
"4.4 WWF - Other services (tel/fax, electricity/heating, maintenance)","Internet connectivity, telephone costs and electricity for WWF Indonesia's project office. Reliable broadband internet is critical for MRV data uploads, virtual consortium meetings, donor reporting and digital platform access. Telephone costs cover local and inter-provincial calls for stakeholder coordination.","EUR 929/month × 36 months = EUR 33,444. Includes high-speed internet (~EUR 600/month), telephone (~EUR 200/month) and electricity/utilities (~EUR 129/month).",,,,,,
4.5. Village Hub rent,,,,,,,,
   4.5.1 PTKGF - Village hub rent_Tekad,"Annual rental of the Tekad village hub, one of four community-level operational bases for PT KGF's farmer training, input distribution and monitoring activities in Lampung. Village hubs are the primary interface between PT KGF's programme and farming communities.","EUR 1,207/year × 1 year = EUR 1,207. Rate based on local community space rental in Lampung.",,,,,,
   4.5.2 PTKGF - Village hub rent_Ngarip,"Annual rental of the Ngarip village hub. As for Tekad, provides a local base for farmer training, Change Maker coordination and input distribution in a second target community.","EUR 1,207/year × 1 year = EUR 1,207.",,,,,,
   4.5.3 PTKGF -  Village hub rent_Sima Galih,"Annual rental of the Sima Galih village hub, covering a third target community in Lampung with a distinct pepper farming landscape.","EUR 1,207/year × 1 year = EUR 1,207.",,,,,,
   4.5.4 PTKGF - Village hub rent_Harapan Jaya,"Annual rental of the Harapan Jaya village hub, the fourth community-level base in Lampung. Together the four village hubs ensure PT KGF maintains a continuous local presence across all four target communities in the province, enabling effective farmer support and monitoring.","EUR 1,207/year × 1 year = EUR 1,207.",,,,,,
4.6 PTKGF - Consumables - office supplies,"Office consumables (stationery, printing, filing) for PT KGF's field coordination function, supporting administrative tasks, financial record-keeping and reporting.","EUR 200/month × 12 months (Year 1) = EUR 2,400.",,,,,,
Subtotal Project office,,,,,,,,
"5. Other costs, services",,,,,,,,
5.1 Fairfood - External expert_Country program manager ,"An in-country external expert contracted by Fairfood International to manage day-to-day programme operations in Indonesia — partner coordination, field oversight, government liaison, progress reporting and logistics management. This role is essential because Fairfood's core programme staff are based in the Netherlands; a dedicated in-country manager ensures operational continuity and effective field presence. Post is contracted externally to maintain flexibility appropriate to a 36-month programme.","EUR 3,200/month × 18 months = EUR 57,600. Rate reflects senior programme management for an experienced Indonesian development professional. Additional note: The expert will be external the first 18 months of the project. The last 18 months the expert will be hired as staff member.",,,,,,
5.2 Fairfood - External expert_Design of program materials ,"External design consultancy commissioned in Year 1 to develop the full suite of EU-visibility compliant programme materials: visual identity, farmer guide templates, training materials layout, publication templates and digital communication assets. A single design contract ensures visual consistency across all consortium partners' materials over 3 years.","EUR 20,000 (single contract, Year 1).",,,,,,
5.3 Fairfood - External expert_MRV platform design and development ,"Specialist IT development contract to design and build the consortium's Digital MRV platform (Pillar D / Output 4.1), integrating farm geolocation data, agroforestry adoption monitoring, traceability system feeds and impact indicator dashboards. The platform must be interoperable with existing partner tools (Sucafina's traceability system, PT KGF's RFID system, Fairfood's farmer traceability platform) and capable of operating in low-connectivity environments. This is a core deliverable of the programme.","EUR 80,000 (single contract, Year 1). Reflects standard cost for a custom agricultural MRV platform integrating multiple data streams and designed for low-bandwidth use in Indonesia.",,,,,,
5.4 Fairfood - External expert_Project video ,"Production of a professional documentary video showcasing the aGROWforests+ programme, its farmer impact stories, agroforestry landscapes and green value chain results. Used for EU visibility, consumer engagement (supporting SWITCH-Asia Specific Objective 3), SWITCH-Asia dissemination and Verstegen's consumer transparency communications. Produced in two phases: a midterm field shoot (Year 2) and final edit with impact data (Year 3).","EUR 20,000 (single contract, split across Year 1 and Year 3).",,,,,,
5.5.Fairfood - External expert_Baseline and endline enumerator hire (Bangka and Lampung) ,"External enumerator services contracted to conduct systematic baseline surveys and endline assessments with farmers in Bangka/Belitung and Lampung. Rigorous baseline and endline data are required to measure income change, agroforestry adoption rates, biodiversity indicators and traceability compliance against project targets. Four separate contracts cover baseline (Year 1, 2 regions) and endline (Year 3, 2 regions) survey rounds.","EUR 15,000/contract × 4 contracts = EUR 60,000.",,,,,,
5.6 Fairfood - External expert (blended) finance machanism design ,"Specialist consultancy to design the Landscape Finance Approach (LFA) mechanism, including the results-based finance instrument, investor documentation aligned with TNFD and SBTN frameworks, DFI engagement strategy, and voluntary carbon/biodiversity credit integration roadmap. This is a core innovation of aGROWforests+ (Pillar C / Output 3.1) and requires specialised expertise in blended finance and sustainable landscape investment.","EUR 15,000 (single contract, Year 1). Reflects specialist blended finance consultancy rates.",,,,,,
5.7 Fairfood - External expert_ Traceability software ,"Software development contract to build or adapt the Fairfood traceability platform for the aGROWforests+ programme, enabling farm-to-fork tracking for pepper (Bangka/Belitung, Lampung) and integration with Verstegen's blockchain transparency system. Directly supports EUDR-compliant supply chain documentation and Output 3.2 (green sourcing models).","EUR 35,000 (single contract, Year 1).",,,,,,
5.8 Meeting room rent for program meetings ,"Rental of meeting facilities for eight consortium-wide programme meetings over 3 years (approximately 2–3 per year), covering annual planning sessions, mid-year review meetings, financial review meetings and consortium governance meetings. Neutral meeting spaces are used to ensure all partner organisations can participate on equal terms.","EUR 1,500/meeting × 8 meetings = EUR 12,000.",,,,,,
5.9 Catering for program meetings ,"Catering costs for the eight consortium programme meetings, covering refreshments and meals for multi-partner meetings of 10–20 participants lasting a full day.","EUR 300/meeting × 8 meetings = EUR 2,400.",,,,,,
5.10 Learning event venue and catering ,"Two annual programme learning events bringing together all consortium partners, key government stakeholders, SWITCH-Asia programme peers and private sector actors for knowledge sharing, programme showcasing and regional learning exchange. Events are required under the programme's learning and visibility plan.","EUR 6,000/event × 2 events = EUR 12,000. Covers venue rental, AV equipment, catering, and event logistics.",,,,,,
5.11 Interpreters for event ,"Professional interpreters for the two annual learning events to facilitate cross-language communication between English-speaking lead applicant/EU partner representatives and Indonesian-speaking government, farmer and civil society participants. Essential for inclusive, accessible events.","EUR 1,000/event × 2 events = EUR 2,000.",,,,,,
5.12 Printing and materials for event ,"Event-specific printed materials (programmes, presentations, handouts, name badges, banners) for the two annual learning events, complying with EU visibility requirements.","EUR 1,000/event × 2 events = EUR 2,000.",,,,,,
5.13.0 - 5.13.5 Expenditure verification/Audit (for all 6 partners),"Mandatory annual expenditure verification by a licensed independent auditor, covering all six consortium partners. Required under the EC SWITCH-Asia grant agreement for each reporting period. The audit produces expenditure verification reports per partner and a consolidated programme audit report submitted to the European Commission. Engagement of a certified international-standard audit firm is required given the multi-country, multi-partner structure.","EUR 11,667/audit × 3 annual audit cycles = EUR 34,998. EUR 70,000 reflects combined audit cost for six partners per year, including Indonesian partners (Kantor Akuntan Publik) and Netherlands-based partners.",,,,,,
5.14 Publications,"Production and dissemination of programme knowledge products including field guides, agroforestry practice manuals, policy briefs on landscape governance, impact reports for EC and SWITCH-Asia, and knowledge exchange materials for regional audiences. Publications support the programme's visibility obligations, contribute to SWITCH-Asia's programme-level knowledge agenda and enable scale-up of the model.","EUR 600/package × 21 packages over 3 years = EUR 12,600. Approximately 7 packages per year covering different output areas and audience segments.",,,,,,
"5.15 Studies, research","Research costs for smaller-scale studies and evidence-generation activities not covered by the baseline/endline contracts, such as market surveys, value chain analyses, policy review notes and spot assessments feeding into programme learning.",EUR 4.228/month × 24 months = EUR 101.47. Note: this line appears to represent a minor supplementary research allowance; primary research costs are covered under 5.5 (baseline/endline contracts) and 5.45–5.46 (PT KGF ILM/monitoring contracts).,,,,,,
5.16 Translation for publications and studies,"Professional translation services for programme publications, policy briefs, technical reports and knowledge products between English and Bahasa Indonesia. Required to ensure Indonesian government, farmer organisation and civil society audiences can access programme knowledge products.","EUR 25/page × 300 pages = EUR 7,500.",,,,,,
"5.17 Sucafina - Training farmers on regen ag, Agroforestry system & financial literacy","Direct training delivery costs for 2,000 Aceh coffee farmers covering climate-smart agriculture, agroforestry establishment, regenerative practices and financial literacy (Activity 2.1.3). Costs include training venue hire, materials, facilitator fees and community engagement during training sessions beyond the field facilitator salaries already budgeted under 1.1.14.","EUR 15/farmer × 2,000 farmers = EUR 30,000.",,,,,,
5.18 Sucafina - Baseline data collection (Aceh),"Systematic baseline farm assessment for all 2,000 Aceh coffee farmers enrolled in the programme, collecting geolocation data, EUDR deforestation risk analysis per plot, farm productivity benchmarks, income data and agroforestry status. This data is foundational for MRV (Output 4.1), EUDR compliance documentation, and the results-based payment design.","EUR 13/plot × 2,000 plots = EUR 26,000.",,,,,,
"5.19 Sucafina - Regen & Agroforestry Demo plots x 4, 1ha each","Establishment and maintenance of four 1-hectare regenerative and agroforestry demonstration plots in Central Aceh, managed by Sucafina in partnership with selected farmer groups. Demo plots demonstrate coffee agroforestry under real field conditions, serve as practical training venues for field facilitators and farmers, and provide physical evidence of the programme's agroforestry approach for government and investor stakeholders.","EUR 7.75/plot × 4 plots = EUR 31. Note: this line may represent a per-plot contribution cost (seedlings, inputs) above separate labour/venue costs covered elsewhere.",,,,,,
5.20 Sucafina - Coffee nursery - 6 nurseries ,"Establishment and operation of six coffee seedling nurseries in Central Aceh, producing quality Arabica coffee seedlings for distribution to enrolled farmers undertaking agroforestry conversion. Nurseries ensure a reliable supply of improved planting material, a critical bottleneck for agroforestry adoption identified in the context analysis.","EUR 4,417/nursery × 6 nurseries = EUR 26,502. Note: unit values in budget are expressed in thousands (EUR 4.417k).",,,,,,
5.21 Sucafina - Agroforestry seedlings nurseries 6 ,"Separate from the coffee nurseries, these six nurseries produce diverse agroforestry shade tree and timber species for intercropping with coffee. Agroforestry species diversity is key to building climate resilience, increasing carbon sequestration and qualifying for EUDR deforestation-free status.","EUR 4,167/nursery × 6 nurseries = EUR 25,002.",,,,,,
5.22 Sucafina - farm and soil assessments,Detailed farm and soil health assessments conducted by accredited soil laboratories to establish soil baseline data and monitor soil health improvements resulting from regenerative practices and agroforestry adoption. Soil data feeds into the MRV system and provides evidence for carbon sequestration claims relevant to the Landscape Finance Approach.,"EUR 430/sample × 10 samples = EUR 4,300.",,,,,,
5.23 PT CAN - Commnunity engagement and farmer training Venue Rent,"Rental of community halls, farmer meeting facilities or local training centres for PT CAN's community engagement sessions and farmer training events in Bangka/Belitung. Required for 30 training events over 3 years (~10 per year) across multiple communities.","EUR 100/event × 30 events = EUR 3,000.",,,,,,
"5.24 PT CAN - Local language Translation, interpreters","Local language translation and interpretation for PT CAN's training materials, community by-law documentation and stakeholder engagement in Bangka/Belitung, where local dialects and Bahasa Bangka complement standard Bahasa Indonesia.","EUR 250/package × 6 packages = EUR 1,500.",,,,,,
5.25 PT CAN - Financial services (bank guarantee costs etc.),"Monthly banking fees for PT CAN's programme account, covering inter-bank transfer fees for staff payroll, supplier payments and financial transactions associated with Spice Hub operations.","EUR 50/month × 36 months = EUR 1,800.",,,,,,
5.26 PT CAN - Expert/consultant_Agroforestry Consultation,"Provides specialist guidance on agroforestry species selection, canopy management, polyculture design and system optimisation for Bangka pepper landscapes, supplementing the expertise of PT CAN's internal field team and informing training content development.","EUR 8,000 per contract (fixed-price contract). Rate reflects standard consultancy fees for specialist technical advisers in the Indonesian NGO/private sector context.",,,,,,
5.27 PT CAN - Expert/consultant_Media and Communication Consultation,"Develops PT CAN's programme communication strategy, produces visibility materials (videos, social media content, press releases) and manages stakeholder storytelling to support EU visibility requirements and consumer engagement.","EUR 8,000 per contract (fixed-price contract). Rate reflects standard consultancy fees for specialist technical advisers in the Indonesian NGO/private sector context.",,,,,,
5.28 PT CAN - Expert/consultant_Regenerative Community ,"Supports PT CAN in applying regenerative community development principles to its farmer engagement model, strengthening group cohesion, women's participation and cooperative governance within Spice Hub communities.","EUR 8,000 per contract (fixed-price contract). Rate reflects standard consultancy fees for specialist technical advisers in the Indonesian NGO/private sector context.",,,,,,
5.29 PT CAN - Expert/consultant_FSA Certification ,"Guides PT CAN and partner farmer groups through the process of achieving a recognised sustainability certification (Farmer Self-Assessment or equivalent), opening access to certified markets and supporting green value chain development.","EUR 8,000 per contract (fixed-price contract). Rate reflects standard consultancy fees for specialist technical advisers in the Indonesian NGO/private sector context.",,,,,,
5.30 PT CAN - Expert/consultant_Landscape Planning & Strategy ,"Develops an integrated spatial plan for PT CAN's target spice landscapes in Bangka/Belitung, informing community by-law development and alignment with ILM forum outputs.","EUR 8,000 per contract (fixed-price contract). Rate reflects standard consultancy fees for specialist technical advisers in the Indonesian NGO/private sector context.",,,,,,
5.31 PT CAN - Expert/consultant_Institutional Collaboration & Coordination ,"Supports PT CAN in formalising partnerships with government agencies (Ministry of Agriculture, KLHK), research institutions and private sector buyers, strengthening the institutional anchoring of the programme.","EUR 8,000 per contract (fixed-price contract). Rate reflects standard consultancy fees for specialist technical advisers in the Indonesian NGO/private sector context.",,,,,,
5.32 PT CAN - Expert/consultant_Landscape & Geospatial Analysis ,"Conducts drone surveys, satellite image analysis and GIS mapping to establish the spatial baseline, track vegetation cover change and produce georeferenced evidence of landscape restoration progress in Bangka/Belitung.","EUR 8,000 per contract (fixed-price contract). Rate reflects standard consultancy fees for specialist technical advisers in the Indonesian NGO/private sector context.",,,,,,
5.33 PT CAN - Expert/consultant_Business Development and Marketing Specialist,"Supports PT CAN's spice value chain development, including market linkage brokering, buyer negotiations, product positioning and development of a sustainable business model for Spice Hubs.","EUR 8,000 per contract (fixed-price contract). Rate reflects standard consultancy fees for specialist technical advisers in the Indonesian NGO/private sector context.",,,,,,
5.34 PT CAN - Spice Hub Managers,"Eight Spice Hub Managers (agripreneurs) contracted to manage PT CAN's eight Spice Hubs in Bangka/Belitung. Each hub manager oversees day-to-day hub operations including farmer input distribution, produce aggregation, traceability data recording, community coordination and financial management. Hub Managers are contracted rather than employed to enable agripreneur ownership models consistent with the programme's enterprise development objectives.","EUR 10,000/contract × 8 Spice Hub contracts = EUR 80,000.",,,,,,
5.35 PT CAN - Community Nursery Manager,"Contracted manager overseeing PT CAN's central community nursery: seedling production, mother plant maintenance, quality assurance and distribution logistics to farmer groups. Contracted role supports nursery commercial sustainability.","EUR 8,000 (single contract).",,,,,,
5.36 PT CAN - Post Harvest Facility Manager,"Contracted manager of PT CAN's post-harvest processing facility, ensuring quality standards in drying, sorting and packaging, maintaining equipment, and supervising seasonal processing labour. Directly links to Activity 2.1.5 (post-harvest and micro-enterprise support).","EUR 7,500 (single contract).",,,,,,
5.37 PT CAN - MUTN Manager,"The Market Unit for Trading Networks (MUTN) Manager coordinates PT CAN's network of Spice Hubs, expands market access for aggregated pepper produce, facilitates business entity formation for farmer groups, and strengthens farmers' collective negotiating capacity. This role operationalises the green value chain model at scale.","EUR 7,500 (single contract).",,,,,,
5.38 PT CAN - Experts/Speakers for training of trainers,"External technical experts and specialist speakers engaged for PT CAN's ToT workshops, providing advanced knowledge in agroforestry, soil microbiology, climate adaptation, post-harvest quality, financial literacy and market linkage. ToT workshops are critical to build the capacity of Change Makers, Spice Hub Managers and internal field staff as programme multipliers.","EUR 300/speaker session × 30 sessions over 3 years = EUR 9,000.",,,,,,
"5.39 PT CAN - Community-Stakeholder meeting (room rent, catering, etc)","Facilitated community-stakeholder meetings to support ILM forum engagement, community by-law development (Output 1.2) and programme governance consultation in Bangka/Belitung. Six meetings over 3 years cover key governance milestones.","EUR 250/meeting × 6 meetings = EUR 1,500.",,,,,,
"5.40 PT CAN - Seasonal labor (compost making, pruning, grassing, harvesting, etc)","Seasonal agricultural labourers hired for intensive activities at PT CAN's composting facility, agroforestry demo plots and nurseries: compost production, pruning, grass management, transplanting and harvesting. Seasonal labour supplements permanent staff during peak operational periods and provides local employment in Bangka farming communities.","EUR 50/assignment × 360 assignments over 3 years = EUR 18,000.",,,,,,
"5.41 PT KGF - Printing of materials (training materials, flyers, banner, certificates etc). ","Monthly printing of training materials (guides, handouts), flyers, banners, certification documents and programme information materials for PT KGF's farmer training, community events and Change Maker activities in Lampung. Regular printing is required throughout implementation.","EUR 130/month × 36 months = EUR 4,680.",,,,,,
5.42 PT KGF - Daily labor - 2 persons,"Two daily labourers hired for intensive agricultural work at PT KGF's LKC Demo Farm and nursery operations, including land preparation, planting, weeding, composting, irrigation and harvest activities. Daily labour supplements the permanent Farm Officers and Assistants during peak seasonal workloads.","EUR 10/day × 650 days over 3 years = EUR 6,500.",,,,,,
5.43 PT KGF - Rental of demofarm plot site,Annual rental of the demo farm plot site for PT KGF's agroforestry demonstration programme in Lampung. The demo farm (including the LKC Demo Farm for ex-mine land rehabilitation) requires a multi-year lease to enable multi-year agroforestry establishment and monitoring cycles meaningful to adopting farmers.,"EUR 5,025/unit × 3 years = EUR 15,075.",,,,,,
5.44 PT KGF - Rental of LKC Facility/Site,"Rental of the LKC (Lokasi Kelola Communal) Facility/Site in Lampung over 3 years, providing the operational base for PT KGF's agroforestry training, composting and nursery enterprise. The facility also serves as a demonstration site for ex-mine land rehabilitation, a replicable model for degraded land restoration in Bangka/Belitung and Lampung.","EUR 7,600/year × 3 years = EUR 22,800.",,,,,,
5.45 PT KGF - ILM data collection ,"Specialist contract for Integrated Landscape Management (ILM) data collection in Lampung, supporting WWF Indonesia's landscape analysis (Output 1.1) and community by-law development (Output 1.2). Includes participatory land-use mapping, tenure documentation, ecosystem service assessments and biodiversity inventory data collection from field surveys across PT KGF's operational communities.","EUR 30,000 (single contract).",,,,,,
5.46 PT KGF - Impact and implementation monitoring ,Independent third-party monitoring contract to assess programme implementation quality and measure early impact indicators at the midpoint of the programme. Provides an objective assessment of progress against targets and validates PT KGF's internal monitoring data for the consortium MRV system.,"EUR 20,000 (single contract, Year 2).",,,,,,
5.47 PT KGF - Farmer training package (3 training sessions per farmer),"Per-farmer training delivery cost for PT KGF's 1,500 Lampung farmers receiving three structured training sessions in climate-smart agroforestry, soil health and sustainable production practices (Activity 2.1.3). The per-farmer rate covers training event logistics, materials, facilitator costs and refreshments beyond the Change Maker salaries already budgeted under 1.1.31.","EUR 6.50/farmer × 4,500 farmer-session units (1,500 farmers × 3 sessions) = EUR 29,250.",,,,,,
5.48 PT KGF - Community sessions packages (3 sessions for 2 communities),"Facilitated community dialogue sessions in PT KGF's two target Lampung communities to support ILM forum engagement, landscape plan validation, community by-law consultation and programme governance. Three sessions per community (inception, midterm, validation) produce the community engagement evidence base required for Output 1.2.","EUR 4,500/session × 6 sessions = EUR 27,000. Rate covers venue, facilitation, catering, transport support for community members and documentation.",,,,,,
5.49 PT KGF - Expert/Consultant vendor and market mapping,"Market survey and vendor mapping for PT KGF's supply chain development, identifying buyers, aggregators and processors for Lampung pepper and cocoa products and assessing green sourcing readiness. Data feeds into the green value chain model and green sourcing agreements (Output 3.2).","EUR 4.03/unit × 1,500 units = EUR 6,045.",,,,,,
"5.50 PT KGF - Field Equipment (uniforms, hat, t shirt, jacket, coat, boots)","Field equipment (uniforms, hats, t-shirts, jackets, boots) for PT KGF's Change Makers, Farm Officers, Data Officers and other field staff. Uniforms ensure field staff visibility, professionalism and safety during farm visits, community events and demo farm operations.","EUR 5/unit × 1,500 units = EUR 7,500.",,,,,,
5.51 PT KGF - Expert/Consultant - knowledge building of field staff on agroforesry and landscpae interventions ,"Expert-led knowledge-building sessions for PT KGF's field staff team on agroforestry science, landscape ecology and ILM approaches. Strengthens the technical capacity of Change Makers and field officers to deliver high-quality farmer training and credible landscape planning inputs.","EUR 2,000/unit × 5 units = EUR 10,000.",,,,,,
5.52 PT KGF - Project launch event in two selected communities in Lampung,"Formal project launch events in PT KGF's two target Lampung communities to introduce aGROWforests+, its objectives, partners and farmer engagement opportunities. Launch events build community trust, generate local buy-in and initiate farmer recruitment for training and incentive programmes.","EUR 3,000/event × 2 communities = EUR 6,000.",,,,,,
5.53 PT KGF - Learning events between fieldfacilitators,"Regular learning exchanges between PT KGF's Change Makers and field facilitators to share experiences, resolve field challenges, update on agroforestry techniques and strengthen peer learning. Six events over 3 years sustain continuous capacity development and quality of extension delivery.","EUR 1,000/event × 6 events = EUR 6,000.",,,,,,
5.54 PT KGF - Laboratory Testing,"Accredited laboratory testing of soil and produce quality samples from PT KGF's target farms and nurseries. Testing monitors soil health improvement trends, verifies compost quality and ensures produce meets premium market standards. Feeds directly into the MRV system's soil health indicators.","EUR 16.84/sample × 100 samples = EUR 1,684.",,,,,,
5.55 Verstegen - product branding and consumer engagement ,"Verstegen's consumer engagement activities linking verified programme outcomes to European consumer communication. Covers design and production of consumer-facing branded materials highlighting deforestation-free and sustainably produced pepper sourcing, and integration with Verstegen's blockchain transparency platform. Supports SWITCH-Asia Specific Objective 3 (responsible consumer choices). Activated in Year 3 when programme results are available for consumer claims.","EUR 12,000 (single contract, Year 3).",,,,,,
"5.56 WWF - Trainings,Meeting, Coordination, Workshop","WWF Indonesia's full portfolio of training, coordination, multi-stakeholder workshop and field event costs across Lampung and Aceh over 3 years. Covers facilitation of ILM forums (Output 1.2), landscape planning workshops (Output 1.1), training support for climate risk assessment and tenure mapping (Activities 1.1.1–1.1.4), and cross-consortium coordination meetings. Approximately 32 events per year across three provinces.","EUR 471/event × 96 events = EUR 45,216. Per-event rate covers venue, catering, facilitation materials and participant logistics.",,,,,,
"5.57 WWF -Agroforestry Demo Plot Input (Seeding, Organic fertilizer, land clearing, daily wages, etc. per HA) and nurserry development.","Inputs for agroforestry demo plot establishment and nursery development managed by WWF Indonesia across Lampung and Aceh landscapes, including seeding, organic fertiliser, land clearing (where applicable) and daily labour wages for plot establishment. These demo plots and nurseries complement PT KGF and Sucafina's field activities with landscape-scale agroforestry evidence sites linked to biodiversity corridor development (Activity 2.1.4 and Act. 1.2.2).","EUR 1,045/ha × 100 ha = EUR 104,500. Per-hectare rate covers seedlings, organic inputs, land preparation labour and basic establishment infrastructure.",,,,,,
5.58 Seedling & compost transportation ,Logistics costs for transporting agroforestry seedlings and compost from nurseries and composting facilities to individual farmer plots in PT CAN and PT KGF operational areas. Transportation of biological inputs is a significant operational cost in remote Bangka and Lampung landscapes and is essential to ensure timely delivery aligned with planting seasons.,"EUR 10/farmer × 1,250 farmers = EUR 12,500.",,,,,,
"Subtotal Other costs, services",,,,,,,,
6. Other (e.g. activities with their related visibility costs),,,,,,,,
6.1 FSTP – results-based premium payments to smallholder farmers,"Financial Support to Third Parties (FSTP) providing additional income to at least 1,250 smallholder farmers (pepper, coffee, cocoa) who verify adoption of agroforestry and sustainable production practices. Payments are structured as a price premium above standard market prices, directly linking farmer income improvement to on-farm performance. This mechanism operationalises Pillar C (Results-Based Finance) and demonstrates the Landscape Finance Approach model that aGROWforests+ is designed to scale. The FSTP incentivises practice adoption during the critical transition period when short-term income from monoculture may temporarily decline. The minimum 1,250 beneficiary target covers 25% of enrolled farmers, prioritising the earliest and most committed adopters. FSTP terms, eligibility criteria and verification protocols are defined in a dedicated FSTP framework consistent with EC FSTP requirements and submitted as part of the grant application.","EUR 200,000 total over 36 months. Average premium of approximately EUR 160/farmer/year for 1,250 verified farmers. Year 1: EUR 12,000 (inception tranche, pilot group of early adopters). Years 2–3: scaled payments based on annual verification of adoption rates by the Digital MRV system and independent field verification. Payment levels are calibrated to provide a meaningful income supplement (~10–15% above commodity price) sufficient to compensate transition costs without crowding out commercial incentives.",,,,,,
