 1. Budget for the action,All Years,Unnamed: 2,Unnamed: 3,Unnamed: 4,Year 1,Unnamed: 6,Unnamed: 7,Unnamed: 8
Costs,Unit,# of units,"Unit value
(in EUR)","Total Cost
(in EUR)",Unit,# of units,"Unit value
(in EUR)","Total Cost
(in EUR)"
1. Human Resources,,,,,,,,
"1.1 Salaries (gross salaries including social security charges and other related costs, local staff)",,,,,,,,
   1.1.0 Fairfood - Country Program Manager (80%) (last 18 months),Per month,18,3200,57600,Per month,18,3200,57600
   1.1.1 Fairfood - Local M&E and data analist (80%),Per month,28.8,2500,72000,Per month,9.6,2500,24000
   1.1.2 WWF - Project Leader (100%),Per month,36,1922,69192,Per month,12,1922,23064
   1.1.3 WWF - Aceh Stakeholder Engagament (30%),Per month,10.8,1182,12765.6,Per month,3.6,1182,4255.2
   1.1.4 WWF - Lampung Stakeholder Engagement (30%),Per month,10.8,1183,12776.4,Per month,3.6,1183,4258.8
   1.1.5 WWF - Lampung Technical Officer (100%),Per month,36,901,32436,Per month,12,901,10812
   1.1.6 WWF - Sustainable Finance Officer (20%),Per month,7.2,901,6487.2,Per month,2.4,901,2162.4
   1.1.7 WWF - Aceh Technical Officer (100%),Per month,36,901,32436,Per month,12,901,10812
   1.1.8 WWF - PMEL Officer (100%),Per month,36,1045,37620,Per month,12,1045,12540
   1.1.9 WWF - Communications Officer (40%)   ,Per month,14.4,756,10886.4,Per month,4.8,756,3628.8
   1.1.10 WWF - Project Admin Officer (100%),Per month,36,683,24588,Per month,12,683,8196
   1.1.11 WWF -  Grant & Finance Management Specialist (100%),Per month,36,1439.78,51832.08,Per month,12,1439.78,17277.36
   1.1.12 Sucafina - Project Manager (100%) ,Per month,36,1333,47988,Per month,12,1333,15996
   1.1.13 Sucafina - Country Sustainability Manager (25%),Per month,9,2778,25002,Per month,3,2778,8334
   1.1.14 Sucafina - Field facilitators - 6 persons (100%),Per month,216,425,91800,Per month,72,425,30600
   1.1.15 Sucafina - Traceability and data expert (10%),Per month,3,3333,9999,Per month,1,3333,3333
   1.1.16 PT CAN - Project coordinator (100%),Per month,36,800,28800,Per month,12,800,9600
   1.1.17 PT CAN - Project coordinator assistant (100%),Per month,36,650,23400,Per month,12,650,7800
   1.1.18 PT CAN - Training Coordinator (100%),Per month,30,500,15000,Per month,10,500,5000
   1.1.19 PT CAN - Field Inspector (100%),Per month,36,500,18000,Per month,12,500,6000
   1.1.20 PTCAN - Field Inspector Assistant (100%),Per month,36,400,14400,Per month,12,400,4800
   1.1.21 PTCAN - Community Dev. Specialist (100%),Per month,30,500,15000,Per month,10,500,5000
   1.1.22 PTCAN - Financial Inclusion Analyst (100%),Per month,36,400,14400,Per month,12,400,4800
   1.1.23 PTCAN - Soil Microbiology Specialist (50%),Per month,18,500,9000,Per month,6,500,3000
   1.1.24 PTCAN - Nursery Operator (50%),Per month,18,500,9000,Per month,6,500,3000
   1.1.25 PTCAN - Post-harvesting Operator (50%),Per month,18,500,9000,Per month,6,500,3000
   1.1.26 PTKGF - Project Manager (70%),Per month,25,1209.1,30227.5,Per month,8.399999999999999,1209.1,10156.44
   1.1.27 PTKGF - Technical manager (70%),Per month,25,1209.1,30227.5,Per month,8.399999999999999,1209.1,10156.44
   1.1.28 PTKGF - Digital Solution Officer (100%),Per month,36,302.3,10882.8,Per month,12,302.3,3627.6
   1.1.29 PTKGF - Digital Solution Assistant (50%),Per month,15,241.9,3628.5,Per month,3,241.9,725.7
   1.1.30 PTKGF - Change Maker Coordinator (100%),Per month,30,423.20000000000005,12696,Per month,6,423.2,2539.2
   1.1.31 PTKGF - Change maker  - 10 persons (100%),Per month,300,302.3,90690,Per month,60,302.3,18138
   1.1.32 PTKGF - Farm Officer (100%),Per month,30,332.5,9975,Per month,6,332.5,1995
   1.1.33 PTKGF - Farm Assistant  - 2 persons (100%),Per month,60,241.9,14514,Per month,12,241.9,2902.8
   1.1.34 PTKGF - Data Management Officer( 100%),Per month,30,362.8,10884,Per month,6,362.8,2176.8
   1.1.35 PTKGF - Data Management Assistant - 2 persons (100%),Per month,60,181.4,10884,Per month,12,181.4,2176.8
   1.1.36 PTKGF -  Finance Manager (70%),Per month,24,544.1,13058.4,Per month,7,544.1,3808.7
   1.1.37 PTKGF -  Finance and Admin Assistant (100%),Per month,32,211.6,6771.2,Per month,8,211.6,1692.8
   1.1.38 PTKGF - Finance Inclusion Officer (100%),Per month,25,362.8,9070,Per month,6,362.8,2176.8
   1.1.39 PTKGF - Operation Manager (100%),Per month,34,423.20000000000005,14388.8,Per month,10,423.2,4232
   1.1.40 Verstegen - Implementation Expert (30%),Per month,10.8,1102.67,11908.836,Per month,3.6,1102.67,3969.612
   1.1.41 Verstegen -Quality Assurance Team (20%),Per month,7.2,553.24,3983.328,Per month,2.4,553.24,1327.776
   1.1.42 Verstegen - Quality Control Team 20%),Per month,7.2,435.11,3132.792,Per month,2.4,435.11,1044.264
   1.1.43 Verstegen - Field Officer Team (100%),Per month,36,219.69,7908.84,Per month,12,219.69,2636.28
"1.2 Salaries (gross salaries including social security charges and other related costs, expat/int. staff)",,,,,,,,
   1.2.1 Fairfood - Program manager (30%),Per month,11.9763,8500,101798.55,Per month,3.9921,8500,33932.85
   1.2.2 Fairfood - Donor Engagement manager (15%),Per month,6.57645,8500,55899.825,Per month,2.19215,8500,18633.275
   1.2.3 Fairfood - Corporate Partnerships Manager (20%),Per month,7.2,8500,61200,Per month,2.4,8500,20400
   1.2.4 Fairfood - Financial Adviser (20%),Per month,7.2,8500,61200,Per month,2.4,8500,20400
   1.2.5 Fairfood - Communications Adviser (20%),Per month,7.2,8500,61200,Per month,2.4,8500,20400
   1.2.6 Fairfood - PME & Learning Manager (25%),Per month,9,8500,76500,Per month,3,8500,25500
   1.2.7 Sucafina -  APAC Sustainability Manager (10%),Per month,3.6,4762,17143.2,Per month,1.2,4762,5714.4
   1.2.8 Sucafina - Subject matter specialists (Human rights/agronomy/program design) (advise per hour when needed),Per month,0.75,5143,3857.25,Per month,0.25,5143,1285.75
   1.2.9 Verstegen - Program / Project manager (30%),Per month,10.8,8744,94435.2,Per month,3.6,8744,31478.4
   1.2.10 Verstegen - Agroforestry Expert (15%),Per month,5.4,6440,34776,Per month,1.8,6440,11592
   1.2.11 Verstegen - Program Management Senior (5%),Per month,1.8,11901,21421.8,Per month,0.6,11901,7140.6
   1.2.12 Verstegen - CFO Verstegen (5%),Per month,1.8,11872,21369.6,Per month,0.6,11872,7123.2
   1.2.13 Verstegen - Marketing Team (5%),Per month,1.8,6752,12153.6,Per month,0.6,6752,4051.2
1.3 Per diems for missions,,,,0,,0,,
   1.3.1 Abroad (staff assigned to the action) - SEA ,Per diem,30,35,1050,Per diem,10,35,350
   1.3.2 Local (staff assigned to the action) - Indonesia,Per diem,2050,25,51250,Per diem,600,25,15000
   1.3.3 Seminar/conference participants,Per diem,150,30,4500,Per diem,50,30,1500
Subtotal Human Resources,,,,1725995.201,,,,588854.247
2. Travel,,,,,,,,
2.1 International travel ,,,,,,,,
   2.1.1 International travel (Amsterdam/EU - Indonesia),Per flight,15,2000,30000,Per flight,4,2000,8000
   2.1.2  International travel (SEA - Indonesia),Per flight,10,350,3500,Per flight,3,350,1050
2.2 Local transportation,,,,,,0,,0
   2.2.1. Fairfood - Local transportation,Per month,36,200,7200,Per month,12,200,2400
   2.2.2. WWF - Local transportation,Per month,36,1500,54000,Per month,12,1500,18000
   2.2.3. Sucafina - Local transportation,Per month,35,750,26250,Per month,11,750,8250
   2.2.4. PT CAN - Local transportation,Per month,36,700,25200,Per month,12,700,8400
   2.2.5. PT KGF - Local transportation,Per month,36,700,25200,Per month,12,700,8400
   2.2.6. Verstegen - Local transportation,Per month,36,300,10800,Per month,12,300,3600
2.3 Hotels ,Per night,1100,60,66000,Per night,300,60,18000
Subtotal Travel,,,,248150,,,,76100
3. Equipment and supplies,,,,,,,,
3.1. Rent of vehicles ,,,,,,,,
"   3.1.1 PT CAN - car/motor bike rent, maintenance, gasoline, etc. ",Per unit ,6,3000,18000,Per unit ,2,3000,
"   3.1.2 PT KGF - rent of vehicles (motorcycle), 14 units",Per month,504,50,25200,Per month,168,50,
   3.1.3 WWF - rent of vehicles       ,Per trip ,330,74,24420,Per trip ,110,74,
3.2. Rent software,,,,,,,,
   3.2.1 Other - digital tools licenses - Digitial farmers platform & M&E system licenses,Per year,3,1667,5001,Per year,1,1667,
   3.2.2 Digital traceability system in the supply chain for coffee transcation,Per year,3,9567,28701,Per year,1,9567,
3.3. Purchases equipments and supplies ,,,,,,,,
   3.3.1 Fairfood - Purchase of farmer cards       ,Per card,3000,0.5,1500,Per card,1500,0.5,
   3.3.2 WWF - Laptop,Per unit,9,1550,13950,Per unit,9,1550,"13.955,00"
   3.3.3 Sucafina -  Farmers incentive package based on the adoption rate - Grass cutter tool,Per item,600,77,46200,Per item,200,77,15.384
   3.3.4 Sucafina -  Farmers incentive package based on the adoption rate - Foliar sprayer tool,Per item,600,26,15600,Per item,200,26,5.128
   3.3.5 Sucafina - Farmers incentive package based on the adoption rate - Organic compost (30kg - bag),Per bag,13.2,6,79.2,Per bag,4.4,6,28.208
   3.3.6 Sucafina -  Farmers incentive package based on the adoption rate - Prunning secateur tool,Per item,600,6,3600,Per item,200,6,1.282
"   3.3.7 PTCAN - Computer equipment, furniture (desks, chairs, storage, printer, air conditioner, fan, CCTV)",Procurement,5,3500,17500,Procurement,5,3500,17500
"   3.3.8 PTCAN - Machines, tools ((pruning ladder, hand-chainsaw, grass-cutting machine, sickle, etc)",Procurement,5,4000,20000,Procurement,5,4000,20000
"   3.3.9 PTCAN - Spare parts/equipment for machines, tools",Procurement,5,2000,10000,Procurement,5,2000,10000
   3.3.10 PTCAN - Laboratory Equipments (soil and plant health lab),Procurement,1,13000,13000,Procurement,1,13000,13000
"   3.3.11 PTCAN - Natural Input Materials (seedling, mother plant, bio-compost, compost tea, biological agents, etc)",Procurement,1,6000,6000,Procurement,1,6000,6000
"   3.3.12 PTCAN - Nursery Facility Support (materials, supply, etc)",Nursery,5,5000,25000,Nursery,5,5000,25000
"   3.3.13 PTCAN - Demoplot Facility Support (materials, supply, etc)",Plot,2,5000,10000,Plot,1,5000,5000
"   3.3.14 PTCAN - Training Materials (banner, signage, flyer, office supplies, online course for ToT, catering etc",Procurement,3,2700,8100,Procurement,1,2700,2700
"   3.3.15 PTCAN - Training Equipments (speakers, GPS, pH meter, Hygrograph, samples collecting tools, etc)",Procurement,1,3000,3000,Procurement,1,3000,3000
   3.3.16 PTKGF - Monitoring equipment ,Per Unit,10,32,320,Per Unit,10,32,320
   3.3.17 PTKGF - Laptop,Per Unit,16,351,5616,Per Unit,16,351,5616
   3.3.18 PTKGF - Mobile Phone,Per Unit,10,252,2520,Per Unit,10,252,2520
"   3.3.18 PTKGF -  Laboratory equipment (Moisture tester, Refractometer, Density meter, Weight scale,  Radioactive Detection Equipment etc.) ",Procurement,1,9151,9151,Procurement,1,9151,9151
   3.3.19 PT KGF - Seedlings for nursery (50.000 different types of seedlings),Procurement,50000,0.42,21000,Procurement,15000,,
"   3.3.20 PT KGF - compost faclity inputs (molassess, sacks, manue, husk, bags etc)",Procurement,1,5802,5802,Procurement,1,5802,5802
   3.3.21 PT KGF - Seedling Numbering & Tracking_RFID Purchase and Installation,Procurement,50000,0.24,12000,Procurement,15000,0.24,3600
"   3.3.22 PTKGF - Demoplot Facility Support (materials, supply, etc)",Plot per year,6,2000,12000,Plot,2,2000,4000
Subtotal Equipment and supplies,,,,363260.2,,,,133259.002
4. Project office,,,,,,,,
"4.1. WWF - Vehicle Gas, Insurance, Maintenance, Tax & Admin Registration",Per month,36,26,936,Per month,12,26,312
4.2 WWF - Office Rent,Per month,36,57,2052,Per month,12,57,684
4.3 WWF - Consumables - office supplies,Per month,36,30,1080,Per month,12,30,360
"4.4 WWF - Other services (tel/fax, electricity/heating, maintenance)",Per month,36,929,33444,Per month,12,929,11148
4.5. Village Hub rent,,,,,,,,
   4.5.1 PTKGF - Village hub rent_Tekad,Per year,1,1207,1207,Per year,1,1207,1207
   4.5.2 PTKGF - Village hub rent_Ngarip,Per year,1,1207,1207,Per year,1,1207,1207
   4.5.3 PTKGF -  Village hub rent_Sima Galih,Per year,1,1207,1207,Per year,1,1207,1207
   4.5.4 PTKGF - Village hub rent_Harapan Jaya,Per year,1,1207,1207,Per year,1,1207,1207
4.6 PTKGF - Consumables - office supplies,Per month,12,200,2400,Per month,12,200,2400
,,,,,,,,
Subtotal Project office,,,,44740,,,,19732
"5. Other costs, services",,,,,,,,
5.1 Fairfood - External expert_Country program manager (first 18 months),Per month,18,3200,57600,Per month,18,3200,57600
5.2 Fairfood - External expert_Design of program materials ,Contract,1,20000,20000,Contract,0.5,20000,10000
5.3 Fairfood - External expert_MRV platform design and development ,Contract,1,60000,60000,Contract,0.2,60000,12000
5.4 Fairfood - External expert_Project video ,Contract,1,20000,20000,Contract,0.5,20000,10000
5.5.Fairfood - External expert_Baseline and endline enumerator hire (Bangka and Lampung) ,Contract,4,15000,60000,Contract,2,15000,30000
5.6 Fairfood - External expert (blended) finance machanism design ,Contract,1,15000,15000,Contract,0.5,15000,7500
5.7 Fairfood - External expert_ Traceability software ,Contract,1,35000,35000,Contract,0.5,35000,17500
5.8 Meeting room rent for program meetings ,Contract,8,1500,12000,Contract,4,1500,6000
5.9 Catering for program meetings ,Contract,8,300,2400,Contract,4,300,1200
5.10 Learning event venue and catering ,Contract,2,6000,12000,Contract,1,6000,6000
5.11 Interpreters for event ,Contract,2,1000,2000,Contract,1,1000,1000
5.12 Printing and materials for event ,Lump Sum ,2,1000,2000,Lump Sum ,1,1000,1000
5.13.0 Expenditure verification/Audit Fairfood,Per audit ,3,11666,34998,Per audit ,1.5,11666,17499
5.13.1 Expenditure verification/Audit WWF,Per audit ,3,11666,34998,Per audit ,1.5,11666,17499
5.13.2 Expenditure verification/Audit Sucafina,Per audit ,3,11666,34998,Per audit ,1.5,11666,17499
5.13.3 Expenditure verification/Audit PT CAN,Per audit ,3,11666,34998,Per audit ,1.5,11666,17499
5.13.4 Expenditure verification/Audit PT KGF,Per audit ,3,11666,34998,Per audit ,1.5,11666,17499
5.13.5 Expenditure verification/Audit Verstegen,Per audit ,3,11666,34998,Per audit ,1.5,11666,17499
5.14 Publications,Per packages,21,600,12600,Per packages,10.5,600,6300
"5.15 Studies, research",Per month,24,4.228,101.472,Per month,12,4.228,50.736
5.16 Translation for publications and studies,Per pages,300,25,7500,Per page,150,25,3750
"5.17 Sucafina - Training farmers on regen ag, Agroforestry system & financial literacy",Per farmer,2000,15,30000,Per farmer,1000,15,15000
5.18 Sucafina - Baseline data collection (Aceh),Per plot,2000,13,26000,Per plot,1000,13,13000
"5.19 Sucafina - Regen & Agroforestry Demo plots x 4, 1ha each",Per demo plot,4,7.75,31,Per plot,2,7.75,15.5
5.20 Sucafina - Coffee nursery - 6 nurseries ,Per Nursery,6,4.417,26.502,Per Nursery,3,4.417,13.251
5.21 Sucafina - Agroforestry seedlings nurseries 6 ,Per Nursery,6,4.167,25.002,Per Nursery,6,4.167,25.002
5.22 Sucafina - farm and soil assessments,Per sample,10,430,4300,Per sample,10,430,4300
5.23 PT CAN - Commnunity engagement and farmer training Venue Rent,Per Event,30,100,3000,Per Event,10,100,1000
"5.24 PT CAN - Local language Translation, interpreters",Per Package,6,250,1500,Per Package,2,250,500
5.25 PT CAN - Financial services (bank guarantee costs etc.),Per Package,36,50,1800,Per Package,12,50,600
5.26 PT CAN - Expert/consultant_Agroforestry Consultation,Contract,1,8000,8000,Contract,0.5,8000,4000
5.27 PT CAN - Expert/consultant_Media and Communication Consultation,Contract,1,8000,8000,Contract,0.5,8000,4000
5.28 PT CAN - Expert/consultant_Regenerative Community ,Contract,1,8000,8000,Contract,0.5,8000,4000
5.29 PT CAN - Expert/consultant_FSA Certification ,Contract,1,8000,8000,Contract,0.5,8000,4000
5.30 PT CAN - Expert/consultant_Landscape Planning & Strategy ,Contract,1,8000,8000,Contract,0.5,8000,4000
5.31 PT CAN - Expert/consultant_Institutional Collaboration & Coordination ,Contract,1,8000,8000,Contract,0.5,8000,4000
5.32 PT CAN - Expert/consultant_Landscape & Geospatial Analysis ,Contract,1,8000,8000,Contract,0.5,8000,4000
5.33 PT CAN - Expert/consultant_Business Development and Marketing Specialist,Contract,1,8000,8000,Contract,0.5,8000,4000
5.34 PT CAN - Spice Hub Managers,Contract,8,10000,80000,Contract,4,10000,40000
5.35 PT CAN - Community Nursery Manager,Contract,1,8000,8000,Contract,0.5,8000,4000
5.36 PT CAN - Post Harvest Facility Manager,Contract,1,7500,7500,Contract,0.5,7500,3750
5.37 PT CAN - MUTN Manager,Contract,1,7500,7500,Contract,0.5,7500,3750
5.38 PT CAN - Experts/Speakers for training of trainers,Per Speaker,30,300,9000,Per Speaker,10,300,3000
"5.39 PT CAN - Community-Stakeholder meeting (room rent, catering, etc)",Meeting,6,250,1500,Meeting,2,250,500
"5.40 PT CAN - Seasonal labor (compost making, pruning, grassing, harvesting, etc)",Assignment,360,50,18000,Assignment,120,50,6000
"5.41 PT KGF - Printing of materials (training materials, flyers, banner, certificates etc). ",per month ,36,130,4680,per month ,18,130,2340
5.42 PT KGF - Daily labor - 2 persons,per day,650,10,6500,per day,200,10,2000
5.43 PT KGF - Rental of demofarm plot site,Per unit,3,5025.13,15075.39,Per unit,1,5025.13,5025.13
5.44 PT KGF - Rental of LKC Facility/Site,Per unit,3,7600,22800,Per unit,1,7600,7600
5.45 PT KGF - ILM data collection ,Contract,1,30000,30000,Contract,1,30000,30000
5.46 PT KGF - Impact and implementation monitoring ,Contract,1,20000,20000,Contract,0,20000,0
5.47 PT KGF - Farmer training package (3 training sessions per farmer),Farmer,4500,6.5,29250,Farmer,1500,6.5,9750
5.48 PT KGF - Community sessions packages (3 sessions for 2 communities),Per session,6,4500,27000,Per session,2,4500,9000
5.49 PT KGF - Expert/Consultant vendor and market mapping,Per unit,1500,4.029999999999999,6045,Per unit,1500,4.03,6045
"5.50 PT KGF - Field Equipment (uniforms, hat, t shirt, jacket, coat, boots)",Per unit,1500,5,7500,Per unit,1500,5,7500
5.51 PT KGF - Expert/Consultant - knowledge building of field staff on agroforesry and landscpae interventions ,Per unit,5,2000,10000,Per unit,1,2000,2000
5.52 PT KGF - Project launch event in two selected communities in Lampung,Per unit,2,3000,6000,Per unit,1,3000,3000
5.53 PT KGF - Learning events between fieldfacilitators,Per unit,6,1000,6000,Per unit,2,1000,2000
5.54 PT KGF - Laboratory Testing,Per sample,100,16.84,1684,Per sample,30,16.84,505.2
5.55 Verstegen - product branding and consumer engagement ,Contract,1,12000,12000,Contract,0,12000,0
"5.56 WWF - Trainings,Meeting, Coordination, Workshop",Per training,96,471,45216,Per training,50,471,23550
"5.57 WWF -Agroforestry Demo Plot Input (Seeding, Organic fertilizer, land clearing, daily wages, etc. per HA) and nurserry development.",Per HA,100,1045,104500,Per HA,70,1045,73150
5.58 Seedling & compost transportation ,per farmer ,1250,10,12500,per farmer ,400,10,4000
"Subtotal Other costs, services",,,,1157122.366,,,,848245.821
6. Other (e.g. activities with their related visibility costs),,,,,,,,
"6.1 FSTP - additional paymnets to farmers that implement the program through premium pricing in pepper, coffee and cocoa for at least 1250 farmers",Total amount ,1,200000,200000,Total amount ,1,12000,12000
Subtotal Other,,,,200000,,,,12000
7.1 Subtotal direct eligible costs of the action: headings 1-6 without project office heading,,,,3694527.767,,,,1658459.07
7.2  Subtotal direct eligible costs of the action: all headings (1-6),,,,3739267.767,,,,1678191.07
"8. Indirect costs (maximum 7% of  7.1, subtotal of direct eligible costs of the action headings 1-6 without project office heading)",,,,258616.9437,,,,116092.1349
"9. Total eligible costs of the action, excluding contingency reserve and volunteers' work (7.2 + 8)",,,,3997884.711,,,,1794283.205
10.1  Provision for contingency reserve (maximum 5% of  7.2 'Subtotal of direct eligible costs of the action') ,,,,,,,,
10.2 Volunteers' work,Per day,,,,Per day,,,
11. Total eligible costs (9+10) ,,,,3997884.711,,,,1794283.205
"12. - Taxes 
      - Contributions in kind",,,,,,,,
13. Total accepted costs of the action (11+12),,,,3997884.711,,,,1794283.205
,,,,,,,,
"1. The description of items must be sufficiently detailed and all items broken down into their main components. The number of units and the unit value must be specified for each item depending on the indications provided. The budget has to include costs related to the action as a whole, regardless the  part financed by the contracting authority.",,,,,,,,
2. This section must be completed if the action is to be implemented over more than one reporting period (usually 12 months).,,,,,,,,
3. The budget may be established in euro or in the currency of the country of the contracting authority. Costs/contributions and unit values are rounded to the nearest euro.,,,,,,,,
"4. If staff are not working full time on the action, the percentage should be indicated alongside the description of the item and reflected in the number of units (not the unit value).",,,,,,,,
"5. Indicate the country where the per diems are incurred.
Per diems are not considered a simplified cost option for the purposes of Union financing when the grant beneficiary reimburses a fixed amount to its staff according to its internal rules and asks for the reimbursement of that same amount in the action budget. Such per diems are considered to be an actual cost. ",,,,,,,,
"6. Costs for C02 offsetting of air travel may be included. C02 offsetting shall in that case be achieved by supporting CDM/Gold Standard projects (evidence must be included as part of the supporting documents) or through airplane company programmes when available.  Indicate the place of departure and the destination. If information is not available, enter a global amount.",,,,,,,,
7. Please separate cost for purchase or rental.,,,,,,,,
8. Specify the typology of costs or services. Global amounts will not be accepted.,,,,,,,,
9. Only indicate here when fully subcontracted.,,,,,,,,
"10. As a rule, partners are not requested to implement communication activities for the purpose of promoting the action and/or the EU. Only if specifically requested by and agreed with the contracting authority, communication activities should be properly planned and budgeted at each stage of the project implementation. ",,,,,,,,
"11. Only to be filled in when provided for in the Call for Proposal (i.e. taxes are not eligible and the beneficiary(ies) can show they cannot reclaim them). Please see glossary of terms (Annex A 1) of the Practical Guide to contract procedures for EU external actions for the definition of taxes. Please note that direct taxes are not included (such as taxes on salary of staff working for the action which are part of the gross salary). Note: Where the Call for Proposal does not exclude the coverage of taxes and the beneficiary can show it cannot reclaim, taxes may be eligible and should be included in each relevant heading. Taxes that can be reclaimed are not considered as eligible nor accepted costs.",,,,,,,,
"12. Only to be filled in when contributions in kind may be accepted as co-financing. The amount indicated must be identical to the one indicated in worksheet 3 ""expected sources of funding"". This line doesn't include contributions in kind in the form of volunteers' work that have to be presented in budget line 10.2.",,,,,,,,
13. Ensure consistency with FSTP in the Description of the Action.,,,,,,,,
"14. If accepted and subsequently provided for in Art. 7.1 of the Special Conditions, costs actually incurred in relation to a project office used for the action or a portion of these costs can be declared as direct eligible costs by applying a cost apportionment approach.
Examples of possible cost distribution keys are:
- the number of staff assigned to the action as a percentage of the maximum total number of staff that could work in the project office;
- the office space occupied for the purpose of the action as a percentage of the total available office space.                                                                                                                                                                                                                                                                                                              A description of the project office, the services or resources it makes available, its overall capacity (where applicable), the costs to be apportioned and the proposed distribution key have to be included in the proposal. 
The proposed cost apportionment approach has to be presented as an annex to the budget. The budgeted amount of the costs for which apportionment is proposed has to be indicated in the column ""TOTAL COSTS"" and ""APPORTIONMENT"" has to be indicated in the column ""units"". The proposed cost apportionment approach will be assessed by the evaluation committee and the contracting authority. If the proposed cost apportionment approach is not accepted, there are two options: 1) adjust the distribution key in line with the conclusions of the evaluation committee;  2) exclude the costs from the budget. 

",,,,,,,,
"15.Include here the costs of the volunteers' work if this type of contribution in kind is allowed. Volunteers’ work shall be declared as eligible cost, but set aside of the direct costs as the calculation of  indirect costs does not apply. Volunteers' work may comprise up to 50 % of all sources of financing, that is the Union grant, in-kind contributions and other sources of financing. It shall be declared as unit cost as defined and authorised by the European Commission at the following address: https://ec.europa.eu/info/funding-tenders/opportunities/docs/2021-2027/common/guidance/unit-cost-decision-volunteers_en.pdf.",,,,,,,,
"16. Visibility is strictly defined as acknowledging the origin of the EU funding through the coherent and prominent display of the EU emblem and funding statement, where appropriate. For more information, see the 2022 guidelines on “Communicating and raising EU visibility: Guidance for external actions”. Any costs necessary to ensure compliance with contractual visibility requirements should be minimal and factored into the budget foreseen for the relevant objectives and activities of the action. A separate budget for visibility costs is not eligible.",,,,,,,,
NB: The Beneficiary(ies) alone is/are responsible for the correctness of the financial information provided in these tables.,,,,,,,,
